prod_id,prod_name,prod_stock,prod_image,prod_saleprice,prod_price,prod_sku,prod_cat
101240,64 Page Garden Express Growing Guide,instock,Growing_Guide_Front_Cover_15-160x160.jpg,,$2.00,GG,product_cat-garden-library
204276,Tree Guard 05,instock,Tree_Guard-05-160x160.jpg,$1.47,$2.10,ACCTREGUA,"product_cat-new-year-specials,product_cat-page-32-33-hard-goods,product_cat-page-49-50-hardgoods,product_cat-page-60-61-hardgoods,product_cat-page-60-61-tools-and-accessories,product_cat-plant-protection"
42393,Planting & Storage Basket Round 26Cm,instock,Bulb_Baskets_New1-160x160.jpg,$5.53,$7.90,ACCBASRND,"product_cat-new-year-specials,product_cat-page-30-bulb-accessories,product_cat-page-51-60-spring-bulb-pre-order,product_cat-garden-gear"
42420,Bulb Planter,instock,Bulb_Planting_Accessories_13-160x160.jpg,$4.90,$7.00,ACCBULPLA,"product_cat-new-year-specials,product_cat-page-30-bulb-accessories,product_cat-page-51-60-spring-bulb-pre-order,product_cat-assorted-tools"
311064,Chinese Virginia Creeper,instock,chinese-virginia-creeper-rachida-boutboul-cc0-via-wikimedia-.jpg,$2.95,$5.90,LPOCHIVCR,"product_cat-exclusively-online,product_cat-new-year-specials,product_cat-climbing-plants"
42722,Soft Garden Ties Roll  -  25M,instock,Garden_Soft_Tie-01-160x160.jpg,$5.32,$7.60,ACCSOFGTI,"product_cat-new-year-specials,product_cat-page-30-bulb-accessories,product_cat-page-32-33-hard-goods,product_cat-page-43-45-hard-goods,product_cat-page-49-50-hardgoods,product_cat-page-60-61-hardgoods,product_cat-arches-obelisks-supports"
152564,Supercharge Rose Planting Starter X 3Kg,instock,Supercharge_Rose_Starter2016-ACCROSSTA-160x160.jpg,$12.60,$18.00,ACCROSSTA,"product_cat-accessory-specials,product_cat-new-year-specials,product_cat-page-14-17-floribunda-roses,product_cat-rose-specials,product_cat-fertilisers-soil-conditioners"
312184,Bhg Princess Lily Sara (Pbr),instock,princesslily-sara-bhplisar-160x160.jpg,$6.40,$12.80,PPLPLISAR,"product_cat-exclusively-online,product_cat-new-year-specials,product_cat-page-12-princess-lilies,product_cat-alstroemeria"
255761,Dianthus Supra Pink,instock,Dianthus-Supra-Pink-LPODIASPI-160x160.jpg,$2.45,$4.90,LPODIASPI,"product_cat-page-32-35-flowering-shrubs,product_cat-ground-cover-plants"
304853,Plant Label T-Label,instock,T-Label-Plant-Markers-Pencil-09-160x160.jpg,$4.90,$7.10,ACCORTLAB,"product_cat-new-year-specials,product_cat-page-43-45-hard-goods,product_cat-garden-gear"
45192,Agapanthus Tall White,instock,agapanthus-tall-white-plaagawhi-2018-160x160.jpg,$4.83,$6.90,PLAAGAWHI,"product_cat-new-year-specials,product_cat-page-09-agapanthus,product_cat-page-27-agapanthus,product_cat-page-33-agapanthus,product_cat-page-35-agapanthus-autumn-2018,product_cat-page-56-agapanthus,product_cat-agapanthus"
309702,Banksia Mallee Candles,instock,banksia-mallee-candles-lpobanmca-160x160.jpg,$3.20,$6.40,LPOBANMCA,"product_cat-exclusively-online,product_cat-page-28-30-natives,product_cat-native-shrubs"
42544,Greeting Card Gift Set,instock,accgcgse-giftcards-160x160.jpg,$8.40,$12.00,ACCGCAGSE,"product_cat-new-year-specials,product_cat-gift-ideas"
299320,Patch From Scratch Kit,instock,bhg-patchfromscratch-160x160.jpg,$34.30,$49.00,KITPATSCR,"product_cat-better-homes-gardens,product_cat-new-year-specials"
42767,Weed Mat Felt - 380Mm Diameter X 2.4Mm Thick,instock,Tree%20Guard_Mat_08-160x160.jpg,$1.19,$1.70,ACCWEEDMF,"product_cat-accessory-specials,product_cat-new-year-specials,product_cat-page-32-33-hard-goods,product_cat-page-49-50-hardgoods,product_cat-page-60-61-hardgoods,product_cat-page-60-61-tools-and-accessories,product_cat-plant-protection"
218088,Zephyranthes White,instock,zephyranthes-candida-courtesy-starr-environmental-flickr--16.jpg,$6.30,$7.90,PKZEPWHI,"product_cat-bulb-specials,product_cat-new-year-specials,product_cat-page-04-07-autumn-flowering-bulbs-summer-2018,product_cat-page-16-17-autumn-flowering,product_cat-other-autumn-bulbs"
309616,Insectrap Fruit Fly And Gall Wasp Trap,instock,insectrap-fruit-fly-and-gall-wasp-trap-accinstra-160x160.jpg,$6.65,$9.50,ACCINSTRA,"product_cat-new-year-specials,product_cat-page-43-45-hard-goods,product_cat-plant-protection"
112618,Hippeastrum Glass Vase,instock,Hippy-Vase-ACCHIPVAS-160x160.jpg,$15.75,$22.50,ACCHIPVAS,"product_cat-email-specials,product_cat-new-year-specials,product_cat-page-19-hippeastrum-mixed-vase-kits,product_cat-hippeastrum"
42704,Rooter Pot Small  -  10Cm X 8Cm,instock,Rooter_pot-160x160.jpg,$2.77,$3.95,ACCROOPTS,"product_cat-new-year-specials,product_cat-garden-accessories"
52858,Wollemi Pine  -  150Mm Pot,instock,Wollemi_and_box-160x160.jpg,$79.20,$99.00,PPLWOL150,"product_cat-better-homes-gardens,product_cat-current-catalogue,product_cat-gardening-australia-offers,product_cat-new-year-specials,product_cat-page-03-wollemi-pine,product_cat-page-64-wollemi-pine-autumn-2018,product_cat-plant-specials,product_cat-wollemi-pine"
42706,Rose De-Thorner,instock,Rose%20De-Thorner-160x160.jpg,$3.43,$4.90,ACCROSDTH,"product_cat-new-year-specials,product_cat-page-32-33-hard-goods,product_cat-assorted-tools"
42528,Produce Planter And Garden Bag 45L,instock,Grow_Fresh_Produce_Planter_Bags-1-160x160.jpg,$4.20,$6.00,ACCGARBG45,"product_cat-new-year-specials,product_cat-page-10-11-vegetable-garden,product_cat-garden-accessories"
309060,Kniphofia Echo Mango,instock,Kniphofia-Echo-Mango16-160x160.jpg,$4.25,$8.50,PPLKNIEMA,"product_cat-new-year-specials,product_cat-page-22-23-garden-colour,product_cat-kniphofia"
79670,Waving Hedge Shear,instock,Acc_Waving_Shears-160x160.jpg,$20.93,$29.90,ACCWAVHED,"product_cat-new-year-specials,product_cat-assorted-tools"
208468,Not Quite Crazy Calla Collection 5 Bulbs,instock,crazy-calla-collection-18-colccacol-160x160.jpg,$37.50,$75.00,COLCCACOL,"product_cat-bulb-specials,product_cat-new-year-specials,product_cat-special-offer-flyer-not-quite-crazy-callas,product_cat-summer-2018,product_cat-calla-lilies"
207543,Daffodil Hoop Petticoat Yellow,instock,Daffodil_Hoop_Yellow_PKDAFHPY_2018-160x160.jpg,$4.14,$6.90,PKDAFHPY,"product_cat-new-year-specials,product_cat-page-04-07-autumn-flowering-bulbs-summer-2018,product_cat-page-47-mini-daffodil,product_cat-miniature-daffodils"
42680,Aluminium Plant Labels,instock,Plant_Label_Aluminium-01-160x160.jpg,$5.53,$7.90,ACCPMTALU,"product_cat-new-year-specials,product_cat-page-32-33-hard-goods,product_cat-page-43-45-hard-goods,product_cat-page-49-50-hardgoods,product_cat-page-60-61-hardgoods,product_cat-garden-gear"
309005,Gypsophila Gypsy Pink,instock,gypsophila-gypsy-pink-pplgypgpi-160x160.jpg,$2.95,$5.90,PPLGYPGPI,"product_cat-new-year-specials,product_cat-page-22-23-garden-colour,product_cat-other-summer-perennials,product_cat-whats-new"
244964,Spud Bag -Twin Pack,instock,Spud-Bag-ACCSPUBAG-160x160.jpg,$19.25,$27.50,ACCSPUBAG,"product_cat-new-year-specials,product_cat-page-10-11-vegetable-garden,product_cat-page-54-55-edible-garden,product_cat-certified-seed-potatoes,product_cat-garden-accessories,product_cat-online-offers"
234398,Microgreens Growing Tray,instock,Microgreen-Growing-Tray-1-160x160.jpg,$6.96,$9.95,ACCSEEMGT,"product_cat-new-year-specials,product_cat-sprouts-microgreens"
303859,Propagation Catchment Tray - Black,instock,catchment_tray_14-160x160.jpg,$6.30,$9.00,ACCTPSDRI,"product_cat-new-year-specials,product_cat-seed-raising-and-propagation"
42703,Rooter Pot Small  -  10Cm X 8Cm,instock,Rooter_pot-160x160.jpg,$4.17,$5.95,ACCROOPTL,"product_cat-new-year-specials,product_cat-garden-accessories"
45183,Agapanthus Tall Blue,instock,Agapanthus_Blue_14119354PA_15_-160x160.jpg,$4.83,$6.90,PLAAGABLU,"product_cat-new-year-specials,product_cat-page-09-agapanthus,product_cat-page-27-agapanthus,product_cat-page-33-agapanthus,product_cat-page-35-agapanthus-autumn-2018,product_cat-page-56-agapanthus,product_cat-agapanthus"
256579,All Purpose Garden Bag2,instock,All_Purpose_Garden_Bag2-160x160.jpg,$6.30,$9.00,ACCGARBG75,"product_cat-new-year-specials,product_cat-page-10-11-vegetable-garden,product_cat-garden-accessories"
303858,Propagating Dome 01,instock,Propagating_Dome-01-160x160.jpg,$13.26,$18.95,ACCTPSTOP,"product_cat-new-year-specials,product_cat-seed-raising-and-propagation"
44625,Agapanthus Black Pantha (Pbr),instock,Agapanthus_Black_Pantha_14-160x160.jpg,$6.90,$13.80,LPOAGABPA,"product_cat-new-year-specials,product_cat-page-09-agapanthus,product_cat-page-27-agapanthus,product_cat-plant-specials,product_cat-agapanthus"
276632,Weeping Lilly Pilly,instock,Weeping-Lilly-Pilly-LPOWEELIL-160x160.jpg,$3.45,$6.90,LPOWEELIL,"product_cat-new-year-specials,product_cat-page-28-30-natives,product_cat-hedge-plants"
304660,Bhg Princess Lily Claire (Pbr),instock,princesslily-diana-bhplidia-160x160.jpg,,$12.80,BHPLIDIA,product_cat-better-homes-gardens
42571,Snail Trap 01,instock,Snail_trap-01-160x160.jpg,$5.25,$7.50,ACCGSSTRA,"product_cat-new-year-specials,product_cat-garden-pest-repellants"
304669,Bhg Princess Lily Sara (Pbr),instock,princesslily-sara-bhplisar-160x160.jpg,,$12.80,BHPLISAR,product_cat-better-homes-gardens
185391,Hanging Chilli & Strawberry Planter,instock,Chilli-Strawberry-Planter-160x160.jpg,$15.40,$22.00,ACCHANCSP,"product_cat-new-year-specials,product_cat-planter-bags"
189413,Eucomis Dwarf Freckles,instock,Eucomis-Freckles-16-160x160.jpg,$4.50,$9.00,LPOEUCDFR,"product_cat-exclusively-online,product_cat-new-year-specials,product_cat-pineapple-lily"
42736,Thingamadig Garden Trowel,instock,thingamadig-lrg-160x160.jpg,$11.20,$16.00,ACCTHIGTR,"product_cat-new-year-specials,product_cat-page-49-50-hardgoods,product_cat-page-60-61-tools-and-accessories,product_cat-garden-gear"
42701,Mansfields Ratchet Pruner With Spare Blade & Pouch,instock,Mansfield-Ratchet-Pruner-160x160.jpg,$62.30,$89.00,ACCRATPRU,"product_cat-accessory-specials,product_cat-new-year-specials,product_cat-page-43-45-hard-goods,product_cat-page-49-50-hardgoods,product_cat-page-60-61-hardgoods,product_cat-assorted-tools"
309563,Brachyscome Radiant Magenta,instock,brachyscombe-radiant-magenta-pplbrarma-160x160.jpg,$3.20,$6.40,PPLBRARMA,"product_cat-new-year-specials,product_cat-page-28-30-natives,product_cat-whats-new,product_cat-daisies"
53258,Wollemi Pine  -  430Mm Pot,instock,Wollemi_and_box1-160x160.jpg,$140.00,$175.00,PPLWOL200,"product_cat-new-year-specials,product_cat-page-03-wollemi-pine,product_cat-page-64-wollemi-pine-autumn-2018,product_cat-plant-specials,product_cat-wollemi-pine"
42429,Copper Slug & Snail Tape Roll  -  4M,instock,Copper_Snail_Tape1-160x160.jpg,$13.93,$19.90,ACCCOPTAP10,"product_cat-new-year-specials,product_cat-page-43-45-hard-goods,product_cat-page-49-50-hardgoods,product_cat-garden-pest-repellants"
42512,Plant Support  -  Flexolift,instock,Flexo_Plant_Support_peony-ACCFLEX35-160x160.jpg,$6.23,$8.90,ACCFLEX35,"product_cat-accessory-specials,product_cat-new-year-specials,product_cat-page-20-lilium-white-heaven,product_cat-page-51-60-spring-bulb-pre-order,product_cat-arches-obelisks-supports"
188949,Dendrobium Orchid Kit  -  Pretty Pink,instock,Dendrobium_kit_15-160x160.jpg,$16.80,$24.00,KITDORPPK,"product_cat-new-year-specials,product_cat-page-58-59-orchids-bearded-iris,product_cat-orchids"
45895,Wildflower Seed  -  Kangaroo Paw Mixed,instock,wildflower-seed-kangaroo-paw-mixed-seewsekpm-160x160.jpg,$3.43,$4.90,SEEWSEKPM,"product_cat-new-year-specials,product_cat-native-seeds"
45899,Wildflower Seed  -  Starter Granules,instock,wildflower-seed-starter-granules-seewsesgr-160x160.jpg,$3.43,$4.90,SEEWSESGR,"product_cat-new-year-specials,product_cat-flower-seeds,product_cat-native-seeds,product_cat-seed-raising-and-propagation"
45903,Seed  -  Zucchini Black Jack,instock,Vege-Seed-Zuccini_2012-160x160.jpg,$2.73,$3.90,SEEZUCBLA,"product_cat-new-year-specials,product_cat-vegetable-seeds"
309676,Calibrachoa Calipetite Yellow,instock,calibrachoa-calipetite-yellow-lpocalcye-160x160.jpg,$2.70,$5.40,LPOCALCYL,"product_cat-exclusively-online,product_cat-new-year-specials,product_cat-page-13-calibrachoa,product_cat-calibrachoa"
312186,Bhg Princess Lily Claire (Pbr),instock,princesslily-diana-bhplidia-160x160.jpg,$6.40,$12.80,PPLPLIDIA,"product_cat-exclusively-online,product_cat-new-year-specials,product_cat-page-12-princess-lilies,product_cat-alstroemeria"
42601,Manutec Hydrangea Pinking Fertiliser 500G,instock,Hydrangea_Pinking_Fertiliser-160x160.jpg,$7.63,$10.90,ACCMANHPI,"product_cat-new-year-specials,product_cat-page-43-45-hard-goods,product_cat-page-49-50-hardgoods,product_cat-fertilisers-soil-conditioners"
215672,Belladonna Lily Pink,instock,belladonna-pink-pkblipin-2018-160x160.jpg,$3.24,$5.40,PKBLIPIN,"product_cat-new-year-specials,product_cat-page-04-07-autumn-flowering-bulbs-summer-2018,product_cat-page-16-17-autumn-flowering,product_cat-belladonna-lilies"
255996,Fluorescent Garden Glove Yellow Small,instock,Fluorescent-Garden-Gloves-Yellow-150x160.jpg,$10.85,$15.50,ACCFGGYSM,"product_cat-new-year-specials,product_cat-garden-gear"
45848,Seed  -  Gazania Sunshine Hybrid,instock,seed-gazania-sunshine-hybrid-seegazshm-160x160.jpg,$3.43,$4.90,SEEGAZSHM,"product_cat-new-year-specials,product_cat-flower-seeds"
45902,Seed  -  Zucchini Black Beauty Organic,instock,seed-zucchini-black-beauty-organic-seezucbbo-160x160.jpg,$3.43,$4.90,SEEZUCBBO,"product_cat-new-year-specials,product_cat-vegetable-seeds"
175682,Seed  -  Impatiens Safari Mixed/Colour Cocktail,instock,impatiens-safari-colour-cocktailf16_1-160x160.jpg,$3.43,$4.90,SEEIMPCCO,"product_cat-new-year-specials,product_cat-flower-seeds"
175739,Seed  -  Lettuce Mixed Salad Leaves,instock,lettuce-mixed-leaf-salad_16-160x160.jpg,$2.73,$3.90,SEELETMSL,"product_cat-new-year-specials,product_cat-vegetable-seeds"
176034,Seed  -  Zucchini Greenskin,instock,zucchini-greenskin_16-160x160.jpg,$2.73,$3.90,SEEZUCGRE,"product_cat-new-year-specials,product_cat-vegetable-seeds"
289166,Gladioli Flevo Breezer Bhglafbr,instock,GLADIOLI_FLEVO_BREEZER_BHGLAFBR-160x160.jpg,,$9.00,BHGLAFBR,product_cat-better-homes-gardens
289168,Gladioli Oscar Bhglaosc,instock,GLADIOLI-OSCAR_BHGLAOSC-160x160.jpg,,$9.00,BHGLAOSC,product_cat-better-homes-gardens
308883,Aloe Aristata Lace Aloe Pplaloari,instock,aloe-aristata-lace-aloe-pplaloari-160x160.jpg,$6.00,$12.00,PPLALOARI,"product_cat-new-year-specials,product_cat-page-17-succulents,product_cat-succulents"
45901,Seed  -  Zinnia Early Wonder Mixed,instock,seed-zinnia-early-wonder-mixed-seezinewm-160x160.jpg,$3.26,$4.65,SEEZINEWM,"product_cat-new-year-specials,product_cat-flower-seeds"
175766,Seed  -  Parsnip Gladiator,instock,parsnip-gladiator.jpg,$3.26,$4.65,SEEPARGLA,"product_cat-new-year-specials,product_cat-vegetable-seeds"
286138,Banksia Red Rover,instock,Banksia-Red-Rover-LPOBANRRO-160x160.jpg,$3.25,$6.50,LPOBANRRO,"product_cat-exclusively-online,product_cat-new-year-specials,product_cat-page-28-30-natives,product_cat-page-52-53-natives-winter-2018,product_cat-native-plants"
304656,Bhg Princess Lily Claire (Pbr),instock,princesslily-claire-bhplicla-160x160.jpg,,$12.80,BHPLICLA,product_cat-better-homes-gardens
173219,Aloe Topaz  (Pbr),instock,Aloe-Topaz-16-160x160.jpg,$11.83,$16.90,PLAALOTOP,product_cat-aloes
174266,Seed  -  Mustard White,instock,Mustard-White-160x160.jpg,$2.73,$3.90,SEEMUSTAR,"product_cat-new-year-specials,product_cat-vegetable-seeds"
175567,Seed  -  Climbing Bean Purple King,instock,climbing-bean-purple-king-25g-pk-16-160x160.jpg,$2.07,$2.95,SEECBEPKI,"product_cat-new-year-specials,product_cat-vegetable-seeds"
208222,Dianthus Supra White,instock,Dianthus-Supra-White-16-160x160.jpg,$2.45,$4.90,LPODIASWH,"product_cat-new-year-specials,product_cat-page-32-35-flowering-shrubs,product_cat-flowering-shrubs,product_cat-dianthus"
250248,Atlantis Grow Wall Slim Pro,instock,Gro-Wall-Slim-Pro-160x160.jpg,$111.96,$159.95,ACCGWSLPR,"product_cat-email-specials,product_cat-new-year-specials,product_cat-garden-accessories,product_cat-atlantis-wall-garden-vertical-garden"
42435,D Ter Repellent 01,instock,D_TER_Repellent-01-160x160.jpg,$8.05,$11.50,ACCDTERR5,"product_cat-new-year-specials,product_cat-garden-pest-repellants"
45012,Dwarf Green Mondo Grass,instock,Dwarf-Green-Mondo-Grass-16-160x160.jpg,$2.65,$5.30,LPOMONDGR,"product_cat-exclusively-online,product_cat-new-year-specials,product_cat-mondo-grass"
45858,Seed  -  Marigold (French) Dwarf Double Mixed,instock,seed-marigold-french-dwarf-double-mixed-seemarddm-160x160.jpg,$3.26,$4.65,SEEMARDDM,"product_cat-new-year-specials,product_cat-flower-seeds"
45865,Seed  -  Pea Greenfeast,instock,Vege-Seed-Pea_2012-160x160.jpg,$2.07,$2.95,SEEPEAGRE,"product_cat-new-year-specials,product_cat-vegetable-seeds"
45871,Seed  -  Radish Scarlet Globe 500 Pk,instock,Radish_Scarlet_Globe-160x160.jpg,$2.07,$2.95,SEERADSGL,"product_cat-new-year-specials,product_cat-vegetable-seeds"
175758,Seed  -  Onion Creamgold,instock,onion_creamgold-160x160.jpg,$3.26,$4.65,SEEONICGO,"product_cat-new-year-specials,product_cat-vegetable-seeds"
311204,Clivia Seedlings Yellow,instock,Clivia_Yellow_11-160x160.jpg,$6.40,$12.80,PPLCLISYE,"product_cat-exclusively-online,product_cat-new-year-specials,product_cat-clivia"
208437,Dendrobium Orchid Purple Kit,instock,Dendrobium_kit_15-160x160.jpg,$16.80,$24.00,KITDORPUR,"product_cat-new-year-specials,product_cat-page-58-59-orchids-bearded-iris,product_cat-orchids"
219366,Seed  -  Chilli Pepper Chilli Shake,outofstock,Chilli-Shake-Mix-160x160.jpg,$2.73,$3.90,SEECHICSH,product_cat-seeds
42931,Belladonna Lily White,instock,belladonna-white-pkbliwhi-2018-160x160.jpg,$5.28,$8.80,PKBLIWHI,"product_cat-bulb-specials,product_cat-new-year-specials,product_cat-page-04-07-autumn-flowering-bulbs-summer-2018,product_cat-page-16-17-autumn-flowering,product_cat-belladonna-lilies"
45833,Seed  -  Capsicum 7 Colour 50 Pk,instock,Vege-Seed-Capsicum_2012-160x160.jpg,$3.43,$4.90,SEECAP7CO,"product_cat-new-year-specials,product_cat-salad-vegetable-seeds"
45887,Seed  -  Sunflower Single Giant Russian,instock,seed-sunflower-single-giant-russian-seesunsgi-160x160.jpg,$2.73,$3.90,SEESUNSGI,"product_cat-new-year-specials,product_cat-flower-seeds"
45892,Wildflower Seed  -  Coral Creeper,instock,wildflower-seed-coral-creeper-seewseccr-160x160.jpg,$3.43,$4.90,SEEWSECCR,"product_cat-new-year-specials,product_cat-native-seeds"
45896,Wildflower Seed  -  Kangaroo Paw Red & Green,instock,wildflower-seed-kangaroo-paw-red-and-green-seeweskpr-160x160.jpg,$3.43,$4.90,SEEWSEKPR,"product_cat-new-year-specials,product_cat-native-seeds"
45897,Wildflower Seed  -  Native Wisteria,instock,wildflower-seed-native-wisteria-seewsenwi-160x160.jpg,$3.43,$4.90,SEEWSENWI,"product_cat-new-year-specials,product_cat-native-seeds"
174278,Seed  -  Aster Dutchess Blue Ice,instock,Aster-Dutchess-Blue-Ice-160x160.jpg,$3.26,$4.65,SEEASTDBI,"product_cat-new-year-specials,product_cat-flower-seeds"
175680,Seed  -  Kale Russian Red,instock,kale-red-russian_16-160x160.jpg,$2.73,$3.90,SEEKALRRE,"product_cat-new-year-specials,product_cat-vegetable-seeds"
175745,Seed  -  Linaria Fairy Bouquet,instock,linaria-fairy-bouquet_16-160x160.jpg,$2.73,$3.90,SEELINFBO,"product_cat-new-year-specials,product_cat-flower-seeds"
175768,Seed  -  Parsnip Hollow Crown,instock,parsnip-hollow-crown_16-160x160.jpg,$2.73,$3.90,SEEPARHCR,"product_cat-new-year-specials,product_cat-vegetable-seeds"
207547,Crocus Saffron,instock,crocus-saffron-pkcrosaf-2018-160x160.jpg,$5.04,$8.40,PKCROSAF,"product_cat-new-year-specials,product_cat-page-04-07-autumn-flowering-bulbs-summer-2018,product_cat-page-16-17-autumn-flowering,product_cat-other-autumn-bulbs"
222943,Wildflower Seed  -  Geraldton Wax,instock,wflower-geraldton-wax-SEEWSEGWA-160x160.jpg,$3.43,$4.90,SEEWSEGWA,"product_cat-new-year-specials,product_cat-seeds"
233978,Sprouts Alive Hot Spicy,instock,Sprouts-Alive-Hot-Spicy-160x160.jpg,$3.43,$4.90,SEESALHAS,"product_cat-new-year-specials,product_cat-sprouts-microgreens"
289144,Gladioli Mixed Bhglappw,instock,GLADIOLI_MIXED_BHGLAPPW-160x160.jpg,,$14.00,BHGLAPPW,product_cat-better-homes-gardens
289164,Gladioli Cantate Bhglacan,instock,GLADIOLI-CANTATE_BHGLACAN-160x160.jpg,,$9.00,BHGLACAN,product_cat-better-homes-gardens
304674,Bhg Princess Lily Claire (Pbr),instock,princesslily-collection-colbhgpl-160x160.jpg,,$30.00,COLBHGPL,product_cat-better-homes-gardens
42604,Planting Tablets,instock,Planting_tablets-160x160.jpg,$8.40,$12.00,ACCMANPTC,"product_cat-accessory-specials,product_cat-new-year-specials,product_cat-page-28-31-protea-family,product_cat-page-43-45-hard-goods,product_cat-page-49-50-hardgoods,product_cat-page-60-61-hardgoods,product_cat-fertilisers-soil-conditioners"
45856,Seed  -  Lobelia Crystal Palace Compacta,instock,seed-lobelia-crystal-palace-compacta-seelobcpc-160x160.jpg,$2.73,$3.90,SEELOBCPC,"product_cat-new-year-specials,product_cat-flower-seeds"
45867,Seed  -  Phlox Brilliancy,instock,seed-phlox-brilliancy-2019-seephlbri-160x160.jpg,$2.07,$2.95,SEEPHLBRI,"product_cat-new-year-specials,product_cat-flower-seeds"
45879,Seed  -  Sweet Pea Mammoth Mix Value Pack,instock,seed-sweet-pea-mammoth-mixed-value-pack-seespemam-160x160.jpg,$3.43,$4.90,SEESPEMAM,"product_cat-new-year-specials,product_cat-flower-seeds"
45885,Seed  -  Sunflower Golden Prominence F1,instock,seed-sunflower-golden-prominence-2019-seesungpr-160x160.jpg,$3.26,$4.65,SEESUNGPR,"product_cat-new-year-specials,product_cat-flower-seeds"
45891,Wildflower Seed  -  Australian Grass Tree,instock,wildflower-seed-australian-grass-tree-seewseagt-160x160.jpg,$3.43,$4.90,SEEWSEAGT,"product_cat-new-year-specials,product_cat-native-seeds"
45894,Wildflower Seed  -  Everlasting Daisies,instock,wildflower-seed-everlasting-daisesr-seewseeve-160x160.jpg,$3.43,$4.90,SEEWSEEVE,"product_cat-new-year-specials,product_cat-native-seeds"
175634,Seed  -  Carrot Navarre,instock,carrot-navarre-500-pk-16-160x160.jpg,$3.26,$4.65,SEECARNAV,"product_cat-new-year-specials,product_cat-vegetable-seeds"
175676,Seed  -  Heartsease Johnny Jump Up,instock,heartsease-jonny-jump-up150-pk-16-160x160.jpg,$3.26,$4.65,SEEHEAJJU,"product_cat-new-year-specials,product_cat-flower-seeds"
175810,Seed  -  Shallot Longwhite Bunching,instock,shallot-longwhite_16-160x160.jpg,$2.07,$2.95,SEESHALBU,"product_cat-new-year-specials,product_cat-vegetable-seeds"
175992,Seed  -  Sweet Pea Bijou Mixed,instock,sweet-pea-bijou-mixed16-160x160.jpg,$3.26,$4.65,SEESPEBMX,"product_cat-new-year-specials,product_cat-flower-seeds"
176028,Seed  -  Xeranthemum Mixed,instock,xeranthemum-australian-strawflowers_16jpg-160x160.jpg,$3.26,$4.65,SEEXERMIX,"product_cat-new-year-specials,product_cat-seeds,product_cat-flower-seeds"
210944,Wildflower Seed  -  Dwarf Wattle,instock,Wildflower-Seed-Dwarf-Wattle-160x160.jpg,$3.43,$4.90,SEEWSEDWA,"product_cat-new-year-specials,product_cat-flower-seeds,product_cat-native-seeds"
210947,Wildflower Seed  -  West Australian Christmas Tree,instock,Wildflower-Seed-West-Australian-Christmas-Tree-160x160.jpg,$3.43,$4.90,SEEWWACT,"product_cat-new-year-specials,product_cat-native-seeds"
219367,Seed  -  Forget Me Not Indigo,instock,Forget-Me-Not-Indigo-160x160.jpg,$2.73,$3.90,SEEFMNIND,"product_cat-new-year-specials,product_cat-seeds"
233972,Sprouts Alive Mustard,instock,Sprouts-Alive-Mustard-160x160.jpg,$3.43,$4.90,SEESALMUS,"product_cat-new-year-specials,product_cat-sprouts-microgreens"
289169,Gladioli Purple Flora Bhglapfl,instock,GLADIOLI-PURPLE-FLORA_BHGLAPFL-160x160.jpg,,$9.00,BHGLAPFL,product_cat-better-homes-gardens
45840,Seed  -  Climbing Beans Blue Lake,instock,seed-climbing-bean-blue-lake-seeclibbl-160x160.jpg,$3.43,$4.90,SEECLIBBL,"product_cat-new-year-specials,product_cat-page-41-propagation,product_cat-vegetable-seeds"
45855,Seed  -  Lettuce Great Lakes,instock,seed-lettuce-great-lakes-seeletgla-160x160.jpg,$2.07,$2.95,SEELETGLA,"product_cat-new-year-specials,product_cat-vegetable-seeds"
45870,Seed Tape  -  Radish Cherry Belle,instock,radish-cherry-belle-seed-tape-seeradcbt-160x160.jpg,$3.43,$4.90,SEERADCBT,"product_cat-new-year-specials,product_cat-salad-vegetable-seeds"
45875,Seed  -  Sweet Corn Terrific F1,instock,seed-sweet-corn-terrific-f-1-seescoter-160x160.jpg,$3.43,$4.90,SEESCOTER,"product_cat-new-year-specials,product_cat-vegetable-seeds"
45877,Seed  -  Silverbeet White Silver Organic,instock,seed-silverbeet-white-silver-organic-seesilwso-160x160.jpg,$3.43,$4.90,SEESILWSO,"product_cat-new-year-specials,product_cat-vegetable-seeds"
45886,Seed  -  Sunflower Solar Flash,instock,seed-sunflower-solar-flash-2019-seesunsfl-160x160.jpg,$3.26,$4.65,SEESUNSFL,"product_cat-new-year-specials,product_cat-flower-seeds"
45889,Seed  -  Tomato Grosse Lisse,instock,seed-tomato-grosse-2019-seetomgli-160x160.jpg,$2.07,$2.95,SEETOMGLI,"product_cat-new-year-specials,product_cat-page-49-50-hardgoods,product_cat-vegetable-seeds"
175639,Seed  -  Chilli Orange Wonder,instock,chilli-orange-wonder500-pk-16-160x160.jpg,$3.26,$4.65,SEECHIOWO,"product_cat-new-year-specials,product_cat-herbs-chillis-and-spices"
246713,Book  -  The Wollemi Pine,instock,TheWollemiPine-160x160.jpg,,$24.95,BOOWOLBOO,"product_cat-new-year-specials,product_cat-garden-library"
248689,Agapanthus Dwarf Baby Blue,instock,agapanthus-baby-blue-plagadbb-160x160.jpg,$4.13,$5.90,PLAAGADBB,"product_cat-new-year-specials,product_cat-page-09-agapanthus,product_cat-page-35-agapanthus-autumn-2018,product_cat-agapanthus"
314509,Seed  -  Lavender English Dwarf,instock,lavender-english-dwarf-seelavedw-160x160.jpg,$3.26,$4.65,SEELAVEDW,"product_cat-new-year-specials,product_cat-flower-seeds"
45559,Hollyhock Spring Celebrities Lemon,instock,Hollyhock-Spring-Celebrities-Lemon-16-160x160.jpg,$3.45,$6.90,PPLHOLSCL,"product_cat-exclusively-online,product_cat-new-year-specials,product_cat-perennials"
45835,Seed  -  Carnation Choice Double Mixed,instock,seed-carnation-choice-double-mixed-2019-seecarcdm-160x160.jpg,$2.73,$3.90,SEECARCDM,"product_cat-new-year-specials,product_cat-flower-seeds"
45842,Seed  -  Cosmos Sensation Mixed,instock,seed-cosmos-sensation-mixed-2019-seecossmx-160x160.jpg,$3.26,$4.65,SEECOSSMX,"product_cat-new-year-specials,product_cat-flower-seeds"
45845,Seed  -  Cucumber Marketmore Organic 35 Pk,instock,Cucumber_Marketmore-01-160x160.jpg,$3.43,$4.90,SEECUCMAO,"product_cat-new-year-specials,product_cat-vegetable-seeds"
45861,Seed  -  Nasturtium Tip Top Mixed,instock,seed-nasturtium-tip-top-mixed-seenasttm-160x160.jpg,$3.43,$4.90,SEENASTTM,"product_cat-new-year-specials,product_cat-page-49-50-hardgoods,product_cat-flower-seeds"
45868,Seed  -  Poppy Flanders Red Remembrance,instock,poppyflandersred-legacy-gallipolipacket-seepopffr-160x160.jpg,$2.07,$2.95,SEEPOPFFR,"product_cat-new-year-specials,product_cat-flower-seeds"
45881,Seed  -  Spinach Viking,instock,seed-spinach-viking-2019-seespivik-160x160.jpg,$2.07,$2.95,SEESPIVIK,"product_cat-new-year-specials,product_cat-vegetable-seeds"
45882,Seed Tape  -  Spring Onion,instock,seed-tape-spring-onion-seespront-160x160.jpg,$3.26,$4.65,SEESPRONT,"product_cat-new-year-specials,product_cat-salad-vegetable-seeds"
45890,Seed  -  Tomato Mortgage Lifter 50 Pk,instock,Tomato_Mortgage_Lifter-01-160x160.jpg,$3.43,$4.90,SEETOMMLI,"product_cat-new-year-specials,product_cat-salad-vegetable-seeds"
45893,Wildflower Seed  -  Golden Everlasting Daisy,instock,wildflower-seed-golden-everlasting-daisy-seewsego-160x160.jpg,$3.43,$4.90,SEEWSEEGO,"product_cat-new-year-specials,product_cat-native-seeds"
175564,Seed  -  Cat Grass,instock,cat_grass-pk-of-500-16-160x160.jpg,$2.07,$2.95,SEECATGRA,"product_cat-new-year-specials,product_cat-seeds"
175748,Seed  -  Mesclun Gourmet Salad,instock,Mesclun-Mix.jpg,$3.43,$4.90,SEEMESGSA,"product_cat-new-year-specials,product_cat-vegetable-seeds"
175786,Seed  -  Pyrethrum Large Flowered Hybrid,instock,pyrethrum-large-flowered-hybrids_16-160x160.jpg,$2.73,$3.90,SEEPYRLFH,"product_cat-new-year-specials,product_cat-flower-seeds"
313994,Daylily Stella Doro Pkdlisdo,instock,Daylily-Stella-dOro-PKDLISDO-160x160.jpg,$4.50,$9.00,PPLDLISDO,"product_cat-exclusively-online,product_cat-daylilies"
314511,Seed  -  Spinach Lazio F1,instock,spinach-lazio-f1-seespilaz-160x160.jpg,$3.26,$4.65,SEESPILAZ,"product_cat-new-year-specials,product_cat-vegetable-seeds"
42410,Bird Scare Humming Line,instock,Bird_Scare-01-160x160.jpg,$13.65,$19.50,ACCBSCHLI,"product_cat-new-year-specials,product_cat-page-43-45-hard-goods,product_cat-page-49-50-hardgoods,product_cat-garden-pest-repellants"
45823,Seed  -  Alyssum Carpet Of Snow,instock,seed-alyssum-carpet-of-snow-2019-seealycos-160x160.jpg,$2.07,$2.95,SEEALYCOS,"product_cat-new-year-specials,product_cat-flower-seeds"
45825,Seed  -  Basil Sweet 750Pk,instock,Vege-Seed-Basil_2012-160x160.jpg,$3.26,$4.65,SEEBASSWE,"product_cat-new-year-specials,product_cat-herb-seeds"
45827,Seed  -  Beetroot Crimson Globe,instock,Beetroot_Detroit-01-160x160.jpg,$2.07,$2.95,SEEBEECGL,"product_cat-new-year-specials,product_cat-vegetable-seeds"
45844,Seed  -  Cucumber Lebanese,instock,cucumber-lebanese-160x160.jpg,$3.43,$4.90,SEECUCLEB,"product_cat-new-year-specials,product_cat-page-41-propagation,product_cat-page-49-50-hardgoods,product_cat-salad-vegetable-seeds"
45876,Seed  -  Silverbeet Fordhook Giant,instock,seed-silverbeet-fordhook-giant-2019-seesilfgi-160x160.jpg,$2.07,$2.95,SEESILFGI,"product_cat-new-year-specials,product_cat-vegetable-seeds"
45880,Seed  -  Snow Pea Oregon Dwarf,instock,seed-snow-pea-oregon-dwarf-2019-seespeodw-160x160.jpg,$3.43,$4.90,SEESPEODW,"product_cat-new-year-specials,product_cat-page-41-propagation,product_cat-page-49-50-hardgoods,product_cat-vegetable-seeds"
45883,Seed  -  Stock Ten Week Perfection,instock,seed-stock-ten-week-perfection-seestotwp-160x160.jpg,$3.26,$4.65,SEESTOTWP,"product_cat-new-year-specials,product_cat-flower-seeds"
45884,Seed  -  Strawflower Dwarf Mixed,instock,seed-strawflower-dwarf-mixed-2019-seestrdmi-160x160.jpg,$3.26,$4.65,SEESTRDMI,"product_cat-new-year-specials,product_cat-flower-seeds"
174264,Seed  -  Lettuce Iceberg,instock,Lettuce-Iceberg-160x160.jpg,$2.07,$2.95,SEELETICE,"product_cat-new-year-specials,product_cat-vegetable-seeds"
174286,Seed  -  Bok Choi,instock,Bok-Choi-160x160.jpg,$2.73,$3.90,SEEBOKCHO,"product_cat-new-year-specials,product_cat-vegetable-seeds"
175572,Seed  -  Chinese Cabbage Nagaoka,instock,chinese-cabbage-wong-bok-100-pk-16-160x160.jpg,$3.43,$4.90,SEECHICAB,"product_cat-new-year-specials,product_cat-vegetable-seeds"
175736,Seed  -  Lettuce Green Cos,instock,seed-lettuce-green-cos-2019-seeletgco-160x160.jpg,$2.07,$2.95,SEELETGCO,"product_cat-new-year-specials,product_cat-vegetable-seeds"
175763,Seed  -  Onion Creamgold,instock,oregano_16-160x160.jpg,$3.26,$4.65,SEEORAGAN,"product_cat-new-year-specials,product_cat-vegetable-seeds"
175780,Seed  -  Pumpkin Jarrahdale,instock,seed-pumpkin-jarrahdale-2019-seepumjar-160x160.jpg,$3.43,$4.90,SEEPUMJAR,"product_cat-new-year-specials,product_cat-vegetable-seeds"
175999,Seed  -  Squash Mixed Buttons,instock,squash-mixed-buttons16-160x160.jpg,$3.26,$4.65,SEESQUMBU,"product_cat-new-year-specials,product_cat-vegetable-seeds"
233981,Sprouts Alive Snow Pea,instock,Sprouts-Alive-Snow-Pea-160x160.jpg,$3.43,$4.90,SEESALSPE,"product_cat-new-year-specials,product_cat-sprouts-microgreens"
308750,Princess Lily Paola,instock,princess-lily-paola-pplplipao-160x160.jpg,$6.40,$12.80,PPLPLIPAO,"product_cat-new-year-specials,product_cat-page-12-princess-lilies,product_cat-alstroemeria"
309081,Heuchera Blondie,instock,heuchera-blondie-lpoheublo-160x160.jpg,$3.95,$7.90,LPOHEUBLO,"product_cat-new-year-specials,product_cat-page-26-heuchera,product_cat-heucheras-and-tiarellas"
42480,Felco 7  -  Replacement Anvil Blade For Felco 7,instock,Felco_7_4_Anvil_Blade_14-160x160.jpg,$14.00,$20.00,ACCFEL7/4,"product_cat-new-year-specials,product_cat-felco"
42567,Greenwell Large  -  Terracotta,instock,GreenWell_Action1-160x160.jpg,$19.60,$28.00,ACCGREPSLT,"product_cat-new-year-specials,product_cat-page-32-33-hard-goods,product_cat-page-42-watering,product_cat-page-49-50-hardgoods,product_cat-page-60-61-hardgoods,product_cat-page-60-61-tools-and-accessories,product_cat-plant-protection"
45834,Seed  -  Carrot All Year Round 2000 Pk,instock,Vege-Seed-Carrot_2012-160x160.jpg,$2.73,$3.90,SEECARAYR,"product_cat-new-year-specials,product_cat-vegetable-seeds"
45847,Seed  -  Delphinium Pacific Giants Mixed,instock,seed-delphinium-pacific-giants-mixed-seedelpac-160x160.jpg,$2.73,$3.90,SEEDELPAC,"product_cat-new-year-specials,product_cat-flower-seeds"
45862,Seed  -  Pansy Swiss Giants Mixed,instock,seed-pansy-swiss-giants-mixed-2019-seepansgm-160x160.jpg,$2.73,$3.90,SEEPANSGM,"product_cat-new-year-specials,product_cat-flower-seeds"
45874,Seed  -  Sweet Corn Early Extra Sweet F1,instock,seed-sweetcorn-early-extra-sweet-f1-seescoees-160x160.jpg,$3.43,$4.90,SEESCOEES,"product_cat-new-year-specials,product_cat-page-41-propagation,product_cat-vegetable-seeds"
45900,Wildflower Seed  -  Sturt Pea,instock,wildflower-seed-sturt-pea-seewsespe-160x160.jpg,$3.43,$4.90,SEEWSESPE,"product_cat-new-year-specials,product_cat-native-seeds"
173225,Aloe Airies Tm,instock,Aloe-Airies-16-160x160.jpg,$11.83,$16.90,PLAALOAIR,"product_cat-new-year-specials,product_cat-aloes"
174270,Seed  -  Pak Choi,instock,Pak-Choi-160x160.jpg,$2.07,$2.95,SEEPAKCHO,"product_cat-new-year-specials,product_cat-vegetable-seeds"
174292,Seed  -  Butterbean Cherokee Wax,instock,Butterbean-160x160.jpg,$2.73,$3.90,SEEBUTCWA,"product_cat-new-year-specials,product_cat-vegetable-seeds"
175752,Seed  -  Nasturtium Peach Melba,instock,nasturtium-peach-melba_16-160x160.jpg,$3.43,$4.90,SEENASPME,"product_cat-new-year-specials,product_cat-flower-seeds"
175808,Seed  -  Sweet Corn Snow Gold Bicolour,instock,sweetcorn-snowgold-f1_16-160x160.jpg,$3.43,$4.90,SEESCOSGO,"product_cat-new-year-specials,product_cat-vegetable-seeds"
233924,Sprouts Alive Alfalfa,instock,Sprouts-Alive-Alfalfa-Sprouts-1-160x160.jpg,$3.43,$4.90,SEESALALF,"product_cat-new-year-specials,product_cat-sprouts-microgreens"
269182,Catnip Seed Raising Kit,instock,Catnip-Seed-Raising-Kit-160x160.jpg,$4.13,$5.90,SEEKITCNI,"product_cat-new-year-specials,product_cat-seeds"
45829,Seed  -  Broccoli Green Emperor/Marathon 50Pk,instock,Vege-Seed-Broccoli_2012-160x160.jpg,$3.26,$4.65,SEEBROMAR,"product_cat-new-year-specials,product_cat-vegetable-seeds"
45839,Seed  -  Chives,instock,seed-chives-2019-seechives-160x160.jpg,$3.26,$4.65,SEECHIVES,"product_cat-new-year-specials,product_cat-herb-seeds"
45852,Seed  -  Larkspur Giant Imperial Mixed,instock,seed-larkspur-giant-imperial-mixed-seelargim-160x160.jpg,$2.73,$3.90,SEELARGIM,"product_cat-new-year-specials,product_cat-flower-seeds"
45853,Seed  -  Lettuce All Year Round,instock,Lettuce_All_Year_Round-160x160.jpg,$2.07,$2.95,SEELETAYR,"product_cat-new-year-specials,product_cat-vegetable-seeds"
48733,Aloe Mountain Gem Tm,instock,Aloe_Mountain_Gem1-160x160.jpg,$11.83,$16.90,PLAALOMGE,"product_cat-new-year-specials,product_cat-aloes"
133489,Spanish Shawl,instock,Spanish_Shawl-160x160.jpg,$3.20,$6.40,LPOSPASHA,"product_cat-new-year-specials,product_cat-page-24-25-groundcovers,product_cat-other-ground-covers"
174288,Seed  -  Broccoli Italian Sprouting,instock,Broccoli-Sprouting-160x160.jpg,$2.07,$2.95,SEEBROISP,"product_cat-new-year-specials,product_cat-vegetable-seeds"
175684,Seed -Leek Carenten Organic,instock,leek-carenten16-160x160.jpg,$3.26,$4.65,SEELEECAO,"product_cat-new-year-specials,product_cat-vegetable-seeds"
175774,Seed  -  Petunia Rapid Mixed F1 (Trailing),instock,petunia-rapide-f1_16-160x160.jpg,$3.26,$4.65,SEEPETRMI,"product_cat-new-year-specials,product_cat-flower-seeds"
175783,Seed  -  Pumpkin Queensland Blue,instock,seed-pumpkin-queensland-blue-2019-seepumqbl-160x160.jpg,$3.26,$4.65,SEEPUMQBL,"product_cat-new-year-specials,product_cat-vegetable-seeds"
175788,Seed  -  Rock Melon Hales Best,instock,rock-melon-hales-bast_16-160x160.jpg,$2.07,$2.95,SEEROCHBE,"product_cat-new-year-specials,product_cat-seeds"
175792,Seed  -  Rocket,instock,seed-rocket-salad-seerocket-160x160.jpg,$2.07,$2.95,SEEROCKET,"product_cat-new-year-specials,product_cat-salad-vegetable-seeds"
175994,Seed  -  Sweet Pea Mammoth Mixed,instock,sweet-pea-mammoth-mixed_16-160x160.jpg,$3.26,$4.65,SEESPEPMM,"product_cat-new-year-specials,product_cat-flower-seeds"
204171,Kneelo Knee Pads Plum,instock,Kneelo-Knee-Pad-Plum16-160x160.jpg,,$43.00,ACCKNEPLU,"product_cat-new-year-specials,product_cat-page-43-45-hard-goods,product_cat-page-60-61-tools-and-accessories,product_cat-page-61-hardgoods,product_cat-garden-gear"
233963,Sprouts Alive Sandwich,instock,Sprouts-Alive-Sandwich-160x160.jpg,$3.43,$4.90,SEESALSAN,"product_cat-new-year-specials,product_cat-sprouts-microgreens"
234396,Microgreens Flavours Of Eastern Europe,instock,Microgreens-Eastern-Europe-160x160.jpg,$3.43,$4.90,ACCSEEMEE,"product_cat-new-year-specials,product_cat-sprouts-microgreens"
234400,Microgreens Flavours Of The Orient,instock,Microgreens-Orient-160x160.jpg,$3.43,$4.90,ACCSEEMOR,"product_cat-new-year-specials,product_cat-sprouts-microgreens"
246677,Hot Devil Heat Wand Weed Killer,instock,HDWK-160x160.jpg,$48.65,$69.50,ACCWWWK,"product_cat-accessory-specials,product_cat-email-specials,product_cat-new-year-specials,product_cat-page-32-33-hard-goods,product_cat-page-43-45-hard-goods,product_cat-page-60-61-hardgoods,product_cat-page-60-61-tools-and-accessories,product_cat-page-61-hardgoods,product_cat-garden-tools"
257068,Felco 2 Pruner And 910 Leather Holster Combo Pack,instock,felco-2-pruner-and-910-leather-holster-combo-pack-accfelc291.jpg,$94.50,$135.00,ACCFELC291,"product_cat-accessory-specials,product_cat-new-year-specials,product_cat-page-32-33-hard-goods,product_cat-page-43-45-hard-goods,product_cat-felco-pruners"
261456,Felco 2 Pruner And 600 Folding Saw Combo Pack,instock,felco-2-pruner-and-600-folding-saw-combo-pack-accfelc260-160.jpg,$118.30,$169.00,ACCFELC260,"product_cat-accessory-specials,product_cat-new-year-specials,product_cat-page-43-45-hard-goods,product_cat-page-60-61-hardgoods,product_cat-page-60-61-tools-and-accessories,product_cat-felco-pruners"
269181,Catgrass Seed Raising Kit,instock,Catgrass-Seed-Raising-Kit-160x160.jpg,$4.13,$5.90,SEEKITCGR,"product_cat-new-year-specials,product_cat-seeds"
289171,Gladioli Plum Tart Bhglapfl,instock,GLADIOLI-PLUM-TART_BHGLAPFL-160x160.jpg,,$9.00,BHGLAPTA,product_cat-better-homes-gardens
308887,Echeveria Dondo,instock,echeveria-dondo-pplechdon-160x160.jpg,$6.00,$12.00,PPLECHDON,"product_cat-new-year-specials,product_cat-page-17-succulents,product_cat-succulents"
42608,Manutec Planting Tablets Trees & Shrubs,instock,Planting_tablets-01-160x160.jpg,$8.40,$12.00,ACCMANPTT,"product_cat-accessory-specials,product_cat-new-year-specials,product_cat-page-28-31-protea-family,product_cat-page-60-61-hardgoods,product_cat-fertilisers-soil-conditioners"
45560,Hollyhock Spring Celebrities Purple,instock,hollyhock-spring-celebrities-purple-18-pplholscp-160x160.jpg,$3.45,$6.90,PPLHOLSCP,"product_cat-exclusively-online,product_cat-new-year-specials,product_cat-perennials"
45838,Seed  -  Carrot Topweight Improved,instock,Vege-Seed-Carrot_2012-01-160x160.jpg,$2.07,$2.95,SEECARTIM,"product_cat-new-year-specials,product_cat-vegetable-seeds"
45841,Seed  -  Coriander,instock,Vege-Seed-Coriander_2012-160x160.jpg,$3.26,$4.65,SEECORIAN,"product_cat-new-year-specials,product_cat-herb-seeds"
45869,Seed  -  Pumpkin Butternut,instock,seed-pumpkin-butternut-2019-seepumbut-160x160.jpg,$2.07,$2.95,SEEPUMBUT,"product_cat-new-year-specials,product_cat-vegetable-seeds"
45873,Seed  -  Rosemary,instock,seed-rosemary-seerosema-160x160.jpg,$3.26,$4.65,SEEROSEMA,"product_cat-new-year-specials,product_cat-herb-seeds"
45888,Seed  -  Thyme,instock,seed-thyme-2019-seethymeo-160x160.jpg,$3.26,$4.65,SEETHYMEO,"product_cat-new-year-specials,product_cat-herb-seeds"
95390,Bokashi Powder 1 Kg Approx 4 L,instock,Bokashi-_One_Powder-160x160.jpg,$15.40,$22.00,ACCBOKPO5,"product_cat-new-year-specials,product_cat-page-43-45-hard-goods,product_cat-page-60-61-hardgoods,product_cat-page-60-61-tools-and-accessories,product_cat-page-61-hardgoods,product_cat-bokashi-composting-system"
136862,Heuchera Obsidian,instock,Heuchera-Obsidian-16-160x160.jpg,$3.95,$7.90,LPOHEUOBS,"product_cat-new-year-specials,product_cat-page-26-heuchera,product_cat-heucheras-and-tiarellas"
174242,Seed  -  Cucumber Spacemaster,instock,Cucumber-Spacemaster-160x160.jpg,$3.26,$4.65,SEECUCSPA,"product_cat-new-year-specials,product_cat-vegetable-seeds"
174283,Seed  -  Bean Dwarf Borlotti,instock,Dwarf-Borlotti-Bean-160x160.jpg,$3.26,$4.65,SEEBEADBO,"product_cat-new-year-specials,product_cat-vegetable-seeds"
175562,Seed  -  Carrot Baby Pak,instock,carrot-baby-pak-2000-pk-16_-160x160.jpg,$3.26,$4.65,SEECARBPA,"product_cat-new-year-specials,product_cat-vegetable-seeds"
175678,Seed  -  Kale Green Dwarf Curled,instock,kale-dwarf-green-curled-16-160x160.jpg,$2.73,$3.90,SEEKALGDW,"product_cat-new-year-specials,product_cat-vegetable-seeds"
175755,Seed  -  Okra Ladys Finger,instock,okra-ladys-fingers_16-160x160.jpg,$2.73,$3.90,SEEOKRLFI,"product_cat-new-year-specials,product_cat-vegetable-seeds"
176006,Seed  -  Sunflower Dwarf Sunsation,instock,sunflower_dwarf_sunsa16-160x160.jpg,$2.73,$3.90,SEESUNDSE,"product_cat-new-year-specials,product_cat-flower-seeds"
176018,Seed  -  Water Melon Sugar Baby,instock,watermelon-sugar-baby_16-160x160.jpg,$3.43,$4.90,SEEWMESBA,"product_cat-new-year-specials,product_cat-seeds"
234397,Microgreens Flavours Of France,instock,Microgreens-France-160x160.jpg,$3.43,$4.90,ACCSEEMFR,"product_cat-new-year-specials,product_cat-sprouts-microgreens"
256066,Felco 2/4  -  Anvil Blade For Felco 2,instock,felco-2-4-ACCFEL2-4-160x160.jpg,$14.00,$20.00,ACCFEL2/4,"product_cat-new-year-specials,product_cat-felco"
308748,Princess Lily Amina (Pbr),instock,princess-lily-amina-pplpliami-160x160.jpg,$6.40,$12.80,PPLPLIAMI,"product_cat-new-year-specials,product_cat-page-12-princess-lilies,product_cat-alstroemeria"
311719,Begonia Bossa Nova Yellow,instock,begonia-bossa-nova-yellow-lpobegbny-160x160.jpg,$2.45,$4.90,LPOBEGBNY,"product_cat-exclusively-online,product_cat-new-year-specials,product_cat-shrub-begonias"
44540,Dendrobium Orchid Summer Collection 4 Plants,instock,dendrobium-orchid-summer-coll-18-coldensco-160x160.jpg,$33.30,$66.60,COLDENSCO,"product_cat-exclusively-online,product_cat-new-year-specials,product_cat-page-27-orchids,product_cat-dendrobium-orchids"
45822,Seed  -  Alyssum Aphrodite Mixed 300 Pk,instock,seed-alyssum-aphrodite-mixed-seealyami-160x160.jpg,$3.26,$4.65,SEEALYAMI,"product_cat-new-year-specials,product_cat-flower-seeds"
45854,Seed Tape  -  Lettuce All Year,instock,seed-tape-lettuce-all-year-round-seeletayt-160x160.jpg,$3.43,$4.90,SEELETAYT,"product_cat-new-year-specials,product_cat-salad-vegetable-seeds"
45863,Seed  -  Parsley Italian,instock,seed-herb-parsley-italian-2019-seeparita-160x160.jpg,$3.26,$4.65,SEEPARITA,"product_cat-new-year-specials,product_cat-herb-seeds"
45866,Seed  -  Petunia Confetti Mixed,instock,seed-petunia-confetti-mixed-2019-seepetcmx-160x160.jpg,$3.26,$4.65,SEEPETCMX,"product_cat-new-year-specials,product_cat-flower-seeds"
48738,Aloe Sparkler Tm,instock,Aloe-Southern-Cross-in-general-garden-image-2015-160x160.jpg,$11.83,$16.90,PLAALOSCR,"product_cat-new-year-specials,product_cat-aloes"
175560,Seed  -  Capsicum Californian Wonder,instock,capsicum-californian-wonder-bell-100-pk-16_-160x160.jpg,$2.07,$2.95,SEECAPCWO,"product_cat-new-year-specials,product_cat-vegetable-seeds"
175629,Seed  -  Aquilegia Mckana Giants,instock,aquilegia-mckanna-giant-150-pk-16-jpg-160x160.jpg,$2.73,$3.90,SEEAQUMGI,"product_cat-new-year-specials,product_cat-flower-seeds"
175644,Seed  -  Coriander Lemon,instock,coriander-lemon-100-pk-16-160x160.jpg,$3.26,$4.65,SEECORLEM,"product_cat-new-year-specials,product_cat-herb-seeds"
175646,Seed  -  Cucumber Burpless,instock,cucumber-burpless-tasty-green-20-pk-16-160x160.jpg,$3.26,$4.65,SEECUCBUR,"product_cat-new-year-specials,product_cat-vegetable-seeds"
175760,Seed  -  Onion Hunter River Brown,instock,onion-hunter-river-brown_16-160x160.jpg,$2.07,$2.95,SEEONIHRB,"product_cat-new-year-specials,product_cat-vegetable-seeds"
175795,Seed  -  Sage,instock,sage.jpg,$2.73,$3.90,SEESAGE00,"product_cat-new-year-specials,product_cat-herb-seeds"
176059,Seed  -  Zucchini Lebanese,instock,zucchini-lebanese_16-160x160.jpg,$3.26,$4.65,SEEZUCLEB,"product_cat-new-year-specials,product_cat-vegetable-seeds"
233923,Sprouts Alive Asian Greens Mix,instock,Sprouts-Alive-Asian-Greens-mix-1-160x160.jpg,$3.43,$4.90,SEESALAGM,"product_cat-new-year-specials,product_cat-sprouts-microgreens"
255995,Fluorescent Garden Glove Yellow Small,instock,Fluorescent-Garden-Gloves-Yellow-150x160.jpg,$10.85,$15.50,ACCFGGYLG,"product_cat-new-year-specials,product_cat-garden-gear"
256962,Felco 100/3 - Replacement Blade For Felco 100,instock,felco-100-3-160x160.jpg,$14.00,$20.00,ACCFEL100/3,"product_cat-new-year-specials,product_cat-felco-spare-parts-accessories"
268152,Jiffy Pots 01,instock,Jiffy_Pots-01-160x160.jpg,$5.25,$7.50,ACCJIFPOT,"product_cat-accessory-specials,product_cat-new-year-specials,product_cat-page-32-33-hard-goods,product_cat-page-41-propagation,product_cat-page-49-50-hardgoods,product_cat-page-60-61-hardgoods,product_cat-page-60-61-tools-and-accessories,product_cat-seed-raising-and-propagation"
297080,Boston Ivy,instock,boston-ivy-pplbosivy-160x160.jpg,$6.40,$12.80,PPLBOSIVY,"product_cat-new-year-specials,product_cat-page-32-35-flowering-shrubs,product_cat-whats-new,product_cat-climbing-plants"
308704,Agapanthus Sugar Plum (Pbr),instock,agapanthus-sugar-plum-lpoagaspl-160x160.jpg,$3.95,$7.90,LPOAGASPL,"product_cat-new-year-specials,product_cat-page-09-agapanthus,product_cat-whats-new,product_cat-agapanthus"
308957,Pom Pom Gerbera Belfi,instock,gerbera-pom-pom-belfi-pplgerpbe-160x160.jpg,$4.95,$9.90,PPLGERPBE,"product_cat-new-year-specials,product_cat-page-19-pom-pom-gerberas,product_cat-gerberas,product_cat-whats-new"
309069,Bacopa Gulliver Violet,instock,bacopa-gulliver-violet-pplbacgvi-160x160.jpg,$2.95,$5.90,PPLBACGVI,"product_cat-new-year-specials,product_cat-page-24-25-groundcovers,product_cat-whats-new,product_cat-ground-cover-plants"
311030,Hydrangea Snowflake,instock,Hydrangea-Snowflake-160x160.jpg,$3.45,$6.90,LPOHYDSNO,"product_cat-exclusively-online,product_cat-new-year-specials,product_cat-hydrangea"
42662,Mini Fruit Saver Net,instock,Mini_Fruit_Saver_Net-160x160.jpg,$39.20,$56.00,ACCMINFSN,"product_cat-new-year-specials,product_cat-page-07-trixzie-fruit-trees,product_cat-page-40-produce-and-plant-protection,product_cat-page-49-50-hardgoods,product_cat-page-60-61-tools-and-accessories,product_cat-garden-pest-repellants"
45828,Seed  -  Beetroot Detroit Organic 275 Pkt,instock,Beetroot_Detroit-01-160x160.jpg,$3.43,$4.90,SEEBETDEO,"product_cat-new-year-specials,product_cat-vegetable-seeds"
45837,Seed Tape  -  Carrot Manchester Table,instock,carrot-manchester-table-seed-tape-seecarmat-160x160.jpg,$3.26,$4.65,SEECARMAT,"product_cat-new-year-specials,product_cat-salad-vegetable-seeds"
45846,Seed  -  Dwarf Bean Snapbean,instock,Dwarf_Bean_Snapbean-01-160x160.jpg,$3.43,$4.90,SEEDBESNA,"product_cat-new-year-specials,product_cat-vegetable-seeds"
174249,Seed  -  Dwarf Bean Brown Beauty,instock,Bean-Brown-Beauty-160x160.jpg,$2.73,$3.90,SEEDBEBBE,"product_cat-new-year-specials,product_cat-vegetable-seeds"
174260,Seed  -  Eggplant Black Beauty 150 Pk,instock,Eggplant-Black-Beauty-160x160.jpg,$2.07,$2.95,SEEEGGBBE,"product_cat-new-year-specials,product_cat-vegetable-seeds"
175631,Seed  -  Broad Bean Coles Early Dwarf,instock,broad-bean-coles-early-dwarf_60g-pk-16-160x160.jpg,$3.43,$4.90,SEEBBCED,"product_cat-new-year-specials,product_cat-vegetable-seeds"
175665,Seed  -  Dill,instock,dill_750pk-16-160x160.jpg,$3.26,$4.65,SEEDILL00,"product_cat-new-year-specials,product_cat-herb-seeds"
234407,Microgreens Flavours Of Western Europe,instock,Microgreens-Western-Europe-160x160.jpg,$3.43,$4.90,ACCSEEMWE,"product_cat-new-year-specials,product_cat-sprouts-microgreens"
275703,Heuchera Forever Purple,instock,Heuchera_Forever_Purple_LPOHEUFPE-160x160.jpg,$3.95,$7.90,LPOHEUFPE,"product_cat-new-year-specials,product_cat-page-26-heuchera,product_cat-page-34-heuchera,product_cat-heucheras-and-tiarellas"
309066,Bacopa Great Classic Pink,instock,bacopa-classic-pink-pplbacgpi-160x160.jpg,$2.95,$5.90,PPLBACGPI,"product_cat-new-year-specials,product_cat-page-24-25-groundcovers,product_cat-ground-cover-plants"
42677,Ph Test Kit Manutec 01,instock,pH_Test_Kit_Manutec-01-160x160.jpg,$15.40,$22.00,ACCPHTEST,"product_cat-new-year-specials,product_cat-fertilisers-soil-conditioners"
42721,Smartburn,instock,noi,$32.20,$46.00,ACCSMARTB,"product_cat-accessory-specials,product_cat-new-year-specials,product_cat-page-32-33-hard-goods,product_cat-page-60-61-hardgoods,product_cat-home-accessories"
44990,Evergreen Giant,instock,Evergreen-Giant-160x160.jpg,$2.45,$4.90,LPOLIREGI,"product_cat-new-year-specials,product_cat-page-31-grasses,product_cat-page-43-45-shade-lovers,product_cat-page-44-45-hedges-borders-inspired-by-buxus,product_cat-page-58-59-grasses-borders-hedges,product_cat-liriope"
45850,Seed  -  Gypsophila Bright Rose,instock,seed-gypsophila-bright-rose-2019-seegypbro-160x160.jpg,$3.26,$4.65,SEEGYPBRO,"product_cat-new-year-specials,product_cat-flower-seeds"
45851,Seed  -  Gypsophila Monarch White,instock,seed-gypsophila-monarch-white-2019-seegypmwh-160x160.jpg,$2.07,$2.95,SEEGYPMWH,"product_cat-new-year-specials,product_cat-flower-seeds"
48226,Agapanthus Silver Baby,instock,Agapanthus_Silver_Baby_141-160x160.jpg,$3.95,$7.90,LPOAGASBA,"product_cat-page-09-agapanthus,product_cat-page-56-agapanthus,product_cat-plant-specials,product_cat-agapanthus"
175566,Seed  -  Cauliflower Quickheart,instock,cauliflower-quicheart-250-pk-16-160x160.jpg,$2.73,$3.90,SEECAUQUI,"product_cat-new-year-specials,product_cat-vegetable-seeds"
175687,Seed  -  Lemon Grass,instock,lemongrass16-160x160.jpg,$3.26,$4.65,SEELEMGRA,"product_cat-new-year-specials,product_cat-herb-seeds"
175772,Seed  -  Pea Telephone,instock,pea-telephone_16-160x160.jpg,$2.73,$3.90,SEEPEATEL,"product_cat-new-year-specials,product_cat-vegetable-seeds"
178488,Seed  -  Tomato Tommy Toe 50 Pk,instock,Tomato-Tommy-Toe-SEETOMTOT-160x160.jpg,$3.43,$4.90,SEETOMTOT,"product_cat-new-year-specials,product_cat-vegetable-seeds"
247529,Miscanthus Sinensis,instock,Miscanthus-sinensis-LPOMISSIN-17-160x160.jpg,$2.95,$5.90,LPOMISSIN,"product_cat-new-year-specials,product_cat-page-31-grasses,product_cat-grass-strap-leaf-plants"
298154,Manutec Orchid Bloom Booster,instock,manutec-orchid-bloom-booster-160x160.jpg,$7.63,$10.90,ACCMANOBB,"product_cat-new-year-specials,product_cat-page-43-45-hard-goods,product_cat-fertilisers-soil-conditioners"
308848,Calibrachoa Calipetite White,instock,calibrachoa-calipetite-white-lpocalcwt-160x160.jpg,$2.70,$5.40,LPOCALCWT,"product_cat-page-13-calibrachoa,product_cat-calibrachoa"
308955,Pom Pom Gerbera Kermit,instock,gerbera-pomponi-kermit-pplgerpke-160x160.jpg,$4.95,$9.90,PPLGERPKE,"product_cat-new-year-specials,product_cat-page-19-pom-pom-gerberas,product_cat-gerberas,product_cat-whats-new"
308999,Echinacea Sombrero Lemon,instock,echinacea-sombrero-lemon-yellow-pplechsye-160x160.jpg,$4.25,$8.50,PPLECHSLE,"product_cat-new-year-specials,product_cat-page-22-23-garden-colour,product_cat-whats-new,product_cat-flowering-shrubs"
311025,Osteospermum Akila Purple,instock,osteospermum-akila-purple-pplostapu-160x160.jpg,$2.95,$5.90,PPLOSTAPU,"product_cat-exclusively-online,product_cat-new-year-specials,product_cat-whats-new,product_cat-ground-cover-plants"
42456,"Felco 2/91  -  Replacement Springs For Felco 2, 4, 7, 8, 9 &10",instock,felco-2-91-160x160.jpg,$8.26,$11.80,ACCFEL2/91,"product_cat-new-year-specials,product_cat-felco-spare-parts-accessories"
42470,Felco 4  -  Pruner Popular,instock,Felco_4_rotated_2012-160x160.jpg,$63.70,$91.00,ACCFEL4,"product_cat-new-year-specials,product_cat-felco-pruners"
42472,Felco 6  -  Pruner Ladies/Small Hand,instock,FELCO_6-01-160x160.jpg,$72.10,$103.00,ACCFEL6,"product_cat-new-year-specials,product_cat-felco-pruners"
45864,Parsley Moss Curled 01,instock,Parsley_Moss_Curled-01-160x160.jpg,$2.07,$2.95,SEEPARMCU,"product_cat-new-year-specials,product_cat-herb-seeds"
45872,Seed  -  Rocket Cultivated Organic,instock,seed-rocket-cultivated-organic-2019-seeroccuo-160x160.jpg,$3.43,$4.90,SEEROCCUO,"product_cat-new-year-specials,product_cat-salad-vegetable-seeds"
45878,Seed  -  Spring Onion Ishikura,instock,seed-spring-onion-ishikura-2019-seesonbis-160x160.jpg,$3.43,$4.90,SEESONBIS,"product_cat-new-year-specials,product_cat-vegetable-seeds"
48140,Ceanothus Pacific Blue,instock,Ceanothus-Pacific-Blue-LPOCEAPBL-160x160.jpg,$2.95,$5.90,LPOCEAPBL,"product_cat-new-year-specials,product_cat-page-58-60-garden-colour,product_cat-larger-hedges"
48699,Aloe Gemini (Pbr),instock,Aloe_Gemini_121-160x160.jpg,$11.83,$16.90,PLAALOGEM,"product_cat-new-year-specials,product_cat-aloes"
48744,Aloe Winter Bells (Pbr) (Tm),instock,Aloe_Winter_Bells13A1-160x160.jpg,$11.83,$16.90,PLAALOWBE,"product_cat-new-year-specials,product_cat-aloes"
135065,Gazania Big Kiss Yellow Flame,instock,Gazania_Big_Kiss_Yellow_Flame_2013-160x160.jpg,$2.70,$5.40,LPOGAZBKY,"product_cat-new-year-specials,product_cat-page-32-35-flowering-shrubs,product_cat-plant-specials,product_cat-daisies"
174289,Seed  -  Brussel Sprouts Eversham,instock,Brussel-Sprouts-160x160.jpg,$3.26,$4.65,SEEBSPEVE,"product_cat-new-year-specials,product_cat-vegetable-seeds"
223856,Felco Springs Pruner 6-12,instock,felco-6-91-ACCFEL6-91-160x160.jpg,$8.26,$11.80,ACCFEL6/91,"product_cat-new-year-specials,product_cat-felco-spare-parts-accessories"
234399,Microgreens Flavours Of The Mediterranean,instock,Microgreens-Mediterranean-160x160.jpg,$3.43,$4.90,ACCSEEMME,"product_cat-new-year-specials,product_cat-sprouts-microgreens"
255840,Gazania Big Kiss White,instock,Gazania-Big-Kiss-White-LPOGAZKWH-160x160.jpg,$2.70,$5.40,LPOGAZKWH,"product_cat-new-year-specials,product_cat-page-32-35-flowering-shrubs,product_cat-plant-specials,product_cat-daisies"
289161,Gladioli Collection Bhglacol,instock,GLADIOLI_COLLECTION_BHGLACOL-160x160.jpg,$43.20,$54.00,BHGLACOL,product_cat-better-homes-gardens
42453,Felco 2  -  Classic Professional Pruner,instock,Felco_2_rotated_2012-160x160.jpg,$77.70,$111.00,ACCFEL2,"product_cat-new-year-specials,product_cat-felco-pruners"
42474,Felco 600  -  Folding Pruning Saw,instock,FELCO_600-01-160x160.jpg,$40.88,$58.40,ACCFEL600,"product_cat-new-year-specials,product_cat-felco-shears-saws"
42488,Felco 910  -  Leather Holster Pouch,instock,Felco_910_leatherholster_rotated_2012-160x160.jpg,$29.40,$42.00,ACCFEL910,"product_cat-new-year-specials,product_cat-felco-spare-parts-accessories"
42566,Greenwell Large  -  Heritage Green,instock,Greenwell_Large_Heritage_Green_14-160x160.jpg,$19.60,$28.00,ACCGREPSLG,"product_cat-new-year-specials,product_cat-page-32-33-hard-goods,product_cat-page-42-watering,product_cat-page-49-50-hardgoods,product_cat-page-60-61-hardgoods,product_cat-page-60-61-tools-and-accessories,product_cat-plant-protection"
42696,Propagating Thermometer,instock,Thermometer2-01-160x160.jpg,$5.56,$7.95,ACCPROTHE,"product_cat-new-year-specials,product_cat-seed-raising-and-propagation"
45857,Seed  -  Marigold Crackerjack African,instock,seed-marigold-crackerjack-african-seemarcra-160x160.jpg,$2.07,$2.95,SEEMARCRA,"product_cat-new-year-specials,product_cat-flower-seeds"
48596,Aloe Spots N Dots Tm,instock,Aloe-Spots-N-Dots-Menno-Holwerda-PLAALOSAD-160x160.jpg,$11.83,$16.90,PLAALOSAD,"product_cat-new-year-specials,product_cat-page-14-15-aloe,product_cat-aloes"
51187,Pittosporum Golf Ball (Pbr),instock,Pitto_Golf_Ball_Hedge-160x160.jpg,$3.25,$6.50,LPOPITGBA,"product_cat-new-year-specials,product_cat-page-36-39-hedges-and-screens,product_cat-page-44-45-hedges-borders-inspired-by-buxus,product_cat-hedge-plants"
66446,Grevillea Bonnie Prince Charlie,instock,Grevillea_Bonnie_Prince_2013-160x160.jpg,$3.20,$6.40,LPOGREBPC,"product_cat-new-year-specials,product_cat-page-28-30-natives,product_cat-grevillea-callistemon"
174272,Seed  -  Spring Onion White Lisbon,instock,Spring-Onion-White-160x160.jpg,$2.73,$3.90,SEESONWLI,"product_cat-new-year-specials,product_cat-vegetable-seeds"
207555,Lycoris Gold,instock,lycoris-gold-2013-160x160.jpg,$3.90,$6.50,PKLYCGOL,"product_cat-page-04-07-autumn-flowering-bulbs-summer-2018,product_cat-page-16-17-autumn-flowering,product_cat-lycoris"
256963,Felco 2/3  -  Replacement Blade For Felco 2-4-11-400,instock,felco-2-3-160x160.jpg,$22.54,$32.20,ACCFEL2/3,"product_cat-new-year-specials,product_cat-felco"
281793,Felco 7/3  -  Replacement Blade For Felco 7,instock,Felco-7-Replacement-Blade-ACCFEL7-3-160x160.jpg,$22.54,$32.20,ACCFEL7/3,"product_cat-new-year-specials,product_cat-felco"
286014,Agapanthus Tinkerbell 15 Fm 14279838Pa,instock,Agapanthus_Tinkerbell__15_FM_14279838PA-160x160.jpg,$3.95,$7.90,PPLAGATIN,"product_cat-exclusively-online,product_cat-new-year-specials,product_cat-page-33-agapanthus,product_cat-agapanthus"
308746,Princess Lily Fabiana Pplplifab,instock,princess-lily-fabiana-pplplifab-160x160.jpg,$6.40,$12.80,PPLPLIFAB,"product_cat-new-year-specials,product_cat-page-12-princess-lilies,product_cat-alstroemeria"
308852,Calibrachoa Calipetite Blue,instock,calibrachoa-calipetite-blue-lpocalcbl-160x160.jpg,$2.70,$5.40,LPOCALCBL,"product_cat-new-year-specials,product_cat-page-13-calibrachoa,product_cat-calibrachoa"
308956,Pom Pom Gerbera Fantastic,instock,gerbera-pom-pom-fantastic-pplgerpfa-160x160.jpg,$4.95,$9.90,PPLGERPFA,"product_cat-new-year-specials,product_cat-page-19-pom-pom-gerberas,product_cat-gerberas,product_cat-whats-new"
42455,Felco 2/90  -  Central Bolt Kit For Felco 2,instock,Felco2_90-160x160.jpg,$16.52,$23.60,ACCFEL2/90,"product_cat-new-year-specials,product_cat-felco-spare-parts-accessories"
42576,Hamilton Tree Planter (Hiko Round 50X50X125),instock,Hamilton_Planter_14-160x160.jpg,$77.00,$110.00,ACCHAMTRR,"product_cat-new-year-specials,product_cat-garden-accessories"
42599,Lawn Aerator Sandals,instock,Lawn_Airator_Sandles-01-160x160.jpg,$20.65,$29.50,ACCLASAND,"product_cat-new-year-specials,product_cat-fertilisers-soil-conditioners"
42707,Rose Ring  -  Standard Rose Support,instock,Rose_Ring-01-160x160.jpg,$49.00,$70.00,ACCROSRIN,"product_cat-accessory-specials,product_cat-new-year-specials,product_cat-page-32-33-hard-goods,product_cat-page-43-45-hard-goods,product_cat-arches-obelisks-supports"
45054,Photinia Red Robin,instock,Photinia-red-Robin-16-160x160.jpg,$2.95,$5.90,LPOPHORRO,"product_cat-new-year-specials,product_cat-page-44-45-hedges-borders-inspired-by-buxus,product_cat-page-54-56-hedges-borders,product_cat-page-61-hedges,product_cat-larger-hedges"
45832,Seed  -  Californian Poppy Single 500 Pk,instock,seed-californian-poppy-single-mixed-seecalpsi-160x160.jpg,$2.07,$2.95,SEECALPSI,"product_cat-new-year-specials,product_cat-flower-seeds"
48650,Aloe Andreas Orange Tm,instock,Aloe-Andreas-orange16-160x160.jpg,$11.83,$16.90,PLAALOAOR,"product_cat-new-year-specials,product_cat-aloes"
135225,Hollyhock Spring Celebrities Collection,instock,hollyhock-spring-celebrities-col-18-colholcol-160x160.jpg,$13.80,$27.60,COLHOLCOL,"product_cat-exclusively-online,product_cat-new-year-specials,product_cat-plant-specials,product_cat-perennials"
206596,Planting Tablets,instock,Planting_tablets-160x160.jpg,$8.40,$12.00,ACCMANPTN,"product_cat-new-year-specials,product_cat-page-28-31-protea-family,product_cat-page-43-45-hard-goods,product_cat-page-49-50-hardgoods,product_cat-page-60-61-hardgoods,product_cat-fertilisers-soil-conditioners"
226215,Clivia Orange 14,instock,Clivia_Orange_14-160x160.jpg,$4.50,$9.00,PPLCLISOR,"product_cat-exclusively-online,product_cat-new-year-specials,product_cat-page-43-45-shade-lovers,product_cat-page-52-53-shade-lovers,product_cat-clivia"
236457,Crazy Calla Lily Hot Chocolate Pbr,instock,Calla_Hot_Choc_Field2-160x160.jpg,$9.00,$15.00,PKCCAHCH,"product_cat-new-year-specials,product_cat-special-offer-flyer-not-quite-crazy-callas,product_cat-calla-lilies"
254810,Felco 904 Sharpening Tool,instock,FELCO-904-ACCFEL904-150x160.jpg,$43.40,$62.00,ACCFEL904,"product_cat-new-year-specials,product_cat-felco-spare-parts-accessories"
256939,Felco Replacement Blade 9/3,instock,felco-9-3-2017-ACCFEL9-3-160x160.jpg,$14.35,$20.50,ACCFEL9/3,"product_cat-new-year-specials,product_cat-felco"
256974,Felco 621/3 - Pull Saw Blade 24Cm,instock,felco-621-3-160x160.jpg,$21.00,$30.00,ACCFEL621/3,"product_cat-new-year-specials,product_cat-felco-spare-parts-accessories"
257084,Felco 7/90 Repair Set - Bolt + Nut,instock,felco-7-90-160x160.jpg,$10.50,$15.00,ACCFEL7/90,"product_cat-new-year-specials,product_cat-felco"
261458,Felco 2 Pruner And 903 Sharpener Combo Pack,instock,felco-2-pruner-and-903-sharpener-combo-pack-accfelc290-160x1.jpg,$107.80,$154.00,ACCFELC290,"product_cat-accessory-specials,product_cat-new-year-specials,product_cat-page-43-45-hard-goods,product_cat-page-60-61-hardgoods,product_cat-page-60-61-tools-and-accessories,product_cat-felco-pruners"
265870,Water Tube Accwtupgu 2018,instock,Water-Tube-ACCWTUPGU-2018-160x160.jpg,$9.73,$13.90,ACCWTUPGU,"product_cat-new-year-specials,product_cat-page-42-watering,product_cat-page-60-61-tools-and-accessories,product_cat-plant-protection"
269403,Fluorescent Garden Gloves Pink,instock,Fluorescent-Garden-Gloves-Pink-150x160.jpg,$10.85,$15.50,ACCFGGPLG,"product_cat-new-year-specials,product_cat-garden-gear"
277203,Felco 4 Pruner And 910 Holster Combo Pack,instock,felco-4-pruner-and-910-holster-combo-pack-accfelc491-160x160.jpg,$80.50,$115.00,ACCFELC491,"product_cat-accessory-specials,product_cat-new-year-specials,product_cat-page-32-33-hard-goods,product_cat-page-43-45-hard-goods,product_cat-felco-pruners"
308885,Echeveria Norma,instock,echeveria-norma-pplechnor-160x160.jpg,$6.00,$12.00,PPLECHNOR,"product_cat-new-year-specials,product_cat-page-17-succulents,product_cat-succulents"
309058,Sunflower Rio Carnival,instock,sunflower-rio-carnival-pplsflrca-160x160.jpg,$3.20,$6.40,PPLSFLRCA,"product_cat-new-year-specials,product_cat-page-22-23-garden-colour,product_cat-annuals"
309107,Acacia Lime Magik,instock,acacia-lime-magik-lpoacalma-2018-160x160.jpg,$4.95,$9.90,LPOACALMA,"product_cat-new-year-specials,product_cat-page-28-30-natives,product_cat-whats-new,product_cat-native-shrubs"
311080,Nesting Box Kit  -  Ringtail Possum,instock,nest-box-ringtail-possum-kit-18-160x160.jpg,$51.80,$74.00,ACCNESKRP,"product_cat-new-year-specials,product_cat-online-offers"
42487,Felco 903  -  Diamond Sharpener,instock,FELCO_%20903_Sharpener-160x159.jpg,$30.10,$43.00,ACCFEL903,"product_cat-new-year-specials,product_cat-felco-spare-parts-accessories"
42575,Hamilton Treeplanter (Square 50X50X125),instock,Hamilton_Planter_square_14-160x160.jpg,$77.00,$110.00,ACCHAMTRE,"product_cat-new-year-specials,product_cat-garden-accessories"
45826,Seed Tape  -  Beetroot Boltardy,instock,seed-tape-beetroot-boltardy-seebeebot-160x160.jpg,$3.43,$4.90,SEEBEEBOT,"product_cat-new-year-specials,product_cat-salad-vegetable-seeds"
95142,Bluebell Creeper 15 Fm 14225160Pa,instock,Bluebell_Creeper_15_FM_14225160PA-160x160.jpg,$2.95,$5.90,LPOBLUCRE,"product_cat-new-year-specials,product_cat-page-28-30-natives,product_cat-climbing-plants"
135063,Gazania Big Kiss Red 15 Highsun,instock,Gazania_Big_Kiss_Red_15_HIGHSUN-160x160.jpg,$4.90,$5.40,LPOGAZBKR,"product_cat-new-year-specials,product_cat-page-32-35-flowering-shrubs,product_cat-plant-specials,product_cat-daisies"
179928,Sole-Mate Door Mat  -  Bring Jim,instock,23-9179-Bring-Jim.jpg,$17.43,$24.90,ACCMAT9179,"product_cat-new-year-specials,product_cat-sole-mate-door-mats"
197919,Pig Face Pale Pink,instock,Pigface-Pale-Pink-16-160x160.jpg,$2.45,$4.90,LPOPFAPPI,"product_cat-exclusively-online,product_cat-new-year-specials,product_cat-page-39-grasses-drought-tolerant,product_cat-pigface"
207569,Gloriosa Lily,instock,gloriosa-lily-pkglolil-160x160.jpg,$9.48,$15.80,PKGLOLIL,"product_cat-new-year-specials,product_cat-page-20-21-summer-flowering,product_cat-bulbs-summer-flowering"
223810,Felco 5/3  -  Blade For Felco 5 + Felco 160L,instock,felco-5-3-ACCFEL5-3-160x160.jpg,$18.34,$26.20,ACCFEL5/3,"product_cat-new-year-specials,product_cat-felco-spare-parts-accessories"
233961,Sprouts Alive Mixed Salad,instock,Sprouts-Alive-Mixed-Salad-160x160.jpg,$3.43,$4.90,SEESALMSA,"product_cat-new-year-specials,product_cat-sprouts-microgreens"
250225,Atlantis Grow Wall Slim Line,instock,Gro-Wall-Slim-Line-Facade-2-160x160.jpg,$90.30,$129.00,ACCGWSLLI,"product_cat-email-specials,product_cat-new-year-specials,product_cat-garden-accessories,product_cat-atlantis-wall-garden-vertical-garden,product_cat-hanging-baskets-troughs-planters"
261459,Felco 4 Pruner And 903 Sharpener Combo Pack,instock,felco-4-pruner-and-903-sharpener-combo-pack-accfelc490-160x1.jpg,$83.30,$119.00,ACCFELC490,"product_cat-accessory-specials,product_cat-new-year-specials,product_cat-page-43-45-hard-goods,product_cat-page-60-61-hardgoods,product_cat-page-60-61-tools-and-accessories,product_cat-felco-pruners"
265852,Sole-Mate Door Mat  -  Michelin Man 45X75Cm,instock,Michelin-Man-ACCMAT8248-160x160.jpg,$17.43,$24.90,ACCMAT8248,"product_cat-new-year-specials,product_cat-sole-mate-door-mats"
286009,Agapanthus Madison  (Pbr),instock,Agapanthus-Madison-PPLAGAMAD-160x160.jpg,$4.65,$9.30,PPLAGAMAD,"product_cat-new-year-specials,product_cat-page-33-agapanthus,product_cat-plant-specials,product_cat-whats-new,product_cat-agapanthus"
293482,Grevillea Thelemanniana Baby,instock,grevillea-thelemanniana-by-melburnian-via-wiki-lpogretba-160.jpg,$2.95,$5.90,LPOGRETBA,"product_cat-new-year-specials,product_cat-page-38-natives,product_cat-whats-new,product_cat-grevillea-callistemon"
296217,Propagation Tray  -  Single 24W With Thermostat,instock,tps030-trayonly-160x160.jpg,$115.50,$165.00,ACCTPS030,"product_cat-new-year-specials,product_cat-page-41-propagation,product_cat-seed-raising-and-propagation"
309705,Grevillea Cherry Ripe,instock,grevillea-cherry-ripe-160x160.jpg,$2.90,$5.80,LPOGRECRI,"product_cat-exclusively-online,product_cat-new-year-specials,product_cat-grevillea-callistemon"
309707,Grevillea Robyn Gordon 14,instock,Grevillea_Robyn_Gordon_14-160x160.jpg,$3.45,$6.90,LPOGRELRO,"product_cat-exclusively-online,product_cat-new-year-specials,product_cat-grevillea-callistemon"
310625,Nestbox Feathertail 01,instock,Nestbox_Feathertail-01-160x160.jpg,$91.00,$130.00,ACCNESFGL,"product_cat-accessory-specials,product_cat-new-year-specials,product_cat-online-offers"
313199,Blue-Eyed Grass,instock,blue-eyed-grasslpoblugra-160x160.jpg,$2.70,$5.40,LPOBLUGRA,"product_cat-exclusively-online,product_cat-new-year-specials,product_cat-page-31-grasses,product_cat-other-ground-covers"
42392,Aquamiser Home Propagating Kit,instock,Aquamiser_New-01-160x160.jpg,$41.30,$59.00,ACCAQUAMI,"product_cat-new-year-specials,product_cat-page-32-33-hard-goods,product_cat-page-41-propagation,product_cat-page-49-50-hardgoods,product_cat-page-60-61-hardgoods,product_cat-seed-raising-and-propagation"
42441,Felco 10  -  Pruner Left Hand Rotating Handle,instock,Felco_10_rotated_2012-160x160.jpg,$95.90,$137.00,ACCFEL10,"product_cat-new-year-specials,product_cat-felco-pruners"
42469,Felco 310  -  Light Weight Pruner,instock,FELCO_310-01-160x160.jpg,$25.90,$37.00,ACCFEL310,"product_cat-new-year-specials,product_cat-felco-pruners"
42477,Felco 7  -  Pruner Rotating Handle,instock,Felco_7_rotated_2012-160x160.jpg,$95.90,$137.00,ACCFEL7,"product_cat-new-year-specials,product_cat-felco-pruners"
42603,Manutec Orchid Food 500G,instock,Mautec_Orchid_Food-160x160.jpg,$7.63,$10.90,ACCMANOFO,"product_cat-new-year-specials,product_cat-page-49-50-hardgoods,product_cat-fertilisers-soil-conditioners"
45154,Viburnum Opulus Snowball,instock,Viburnum_Opulus_13-160x160.jpg,$2.95,$5.90,LPOVIBOPU,"product_cat-new-year-specials,product_cat-page-32-35-flowering-shrubs,product_cat-flowering-shrubs"
45830,Wildflower Seed  -  Blue Rottnest Island Daisy,instock,wildflower-seed-blue-rottnest-daisy-seebroida-160x160.jpg,$3.43,$4.90,SEEWSEBRD,"product_cat-new-year-specials,product_cat-native-seeds"
64270,Felco 31  -  Anvil Type Pruner,instock,felco-31-160x160.jpg,$65.10,$93.00,ACCFEL31,"product_cat-new-year-specials,product_cat-felco-pruners"
64433,Sole-Mate Door Mat  -  Golden Shell,instock,Golden_Shell-160x160.jpg,$17.43,$24.90,ACCMAT8034,product_cat-sole-mate-door-mats
133684,Hollyhock Spring Celebrities Pink,instock,Hollyhock_Spring_Celebrites_Pink_15_FM_14270105PA-160x160.jpg,$3.45,$6.90,PPLHOLSPI,"product_cat-exclusively-online,product_cat-new-year-specials,product_cat-perennials"
170012,Blue Fescue Elijah Blue,instock,Blue-Fescue-Elijah-Blue-LPOBFEEBL-17-160x160.jpg,$2.45,$4.90,LPOBFEEBL,"product_cat-new-year-specials,product_cat-page-31-grasses,product_cat-page-39-grasses-drought-tolerant,product_cat-grass-strap-leaf-plants"
207545,Autumn Snowflakes,instock,Autumn_Snowflakes-160x160.jpg,$9.00,$15.00,PKAUTSNO,"product_cat-bulb-specials,product_cat-new-year-specials,product_cat-page-04-07-autumn-flowering-bulbs-summer-2018,product_cat-page-16-17-autumn-flowering,product_cat-other-autumn-bulbs"
227036,Glamour Gladioli Mixed,instock,Glamour-Gladioli-Mixed-17-160x160.jpg,$8.34,$13.90,PKGGLMXD,"product_cat-glamour-gladioli,product_cat-new-year-specials,product_cat-page-38-39-gladioli-autumn-2018"
245309,Grevillea Winpara Gold,instock,Grevillea_Winpara_Gold13-160x160.jpg,$2.90,$5.90,LPOGREWGO,"product_cat-new-year-specials,product_cat-grevillea-callistemon"
254980,Aloe Echidna,instock,Aloe-Echidna-PLAALOECH-160x160.jpg,$11.83,$16.90,PLAALOECH,"product_cat-new-year-specials,product_cat-page-14-15-aloe,product_cat-aloes"
256966,Felco 300/11 - Spring For Felco Secateurs 300-310,instock,felco-300-11-160x160.jpg,$1.82,$2.60,ACCFEL300/11,"product_cat-new-year-specials,product_cat-felco"
267645,Diamonds In The Dark Crepe Myrtle Best Red,instock,Diamonds-in-the-Dark-Best-Red-Bloom-logo-PPLDIADBR-160x160.jpg,$8.45,$16.90,PPLDIADBR,"product_cat-new-year-specials,product_cat-page-48-diamonds-in-the-dark-crepe-myrtle,product_cat-flowering-trees"
293629,Lemon Lisbon,instock,lemon-lisbon-ppllemlis-160x160.jpg,,$24.00,PPLLEMLIS,"product_cat-new-year-specials,product_cat-page-48-edible-garden,product_cat-trees-citrus"
293977,Felco 4 Pruner And 300 Lightweight Pruner Combo Pack,instock,felco-combo-pack-no-4-300-accfelc430-160x160.jpg,$89.60,$128.00,ACCFELC430,"product_cat-new-year-specials,product_cat-page-43-45-hard-goods,product_cat-felco"
308619,Zephyranthes Primulina,instock,zephyranthes-primulina-pkzeppri-160x160.jpg,$5.30,$8.90,PKZEPPRI,"product_cat-new-year-specials,product_cat-page-04-07-autumn-flowering-bulbs-summer-2018,product_cat-other-autumn-bulbs,product_cat-whats-new"
309106,Kangaroo Paw Bush Inferno,instock,kangaroo-paw-bush-inferno-lpokpabin-160x160.jpg,$3.75,$7.50,LPOKPABIN,"product_cat-page-28-30-natives,product_cat-whats-new,product_cat-native-grasses"
311181,Aloe Galaxy,instock,aloe-galaxy-pplalogal-160x160.jpg,$3.90,$7.90,PPLALOGAL,"product_cat-exclusively-online,product_cat-new-year-specials,product_cat-succulents"
42442,Felco 100  -  Pruner Cut & Hold Rose,instock,Felco_100_Cut-n-hold-01-160x160.jpg,$93.80,$134.00,ACCFEL100,"product_cat-new-year-specials,product_cat-felco-pruners"
42445,Felco 12  -  Pruner Small Hand Rotating Handle,instock,FELCO_12-01-160x160.jpg,$91.00,$130.00,ACCFEL12,"product_cat-new-year-specials,product_cat-felco-pruners"
42449,Felco 160S Essential Pruner 09,instock,Felco_160S_essential_pruner_09-160x160.jpg,$32.90,$47.00,ACCFEL160S,"product_cat-new-year-specials,product_cat-felco-pruners"
42483,Felco  8  -  Pruner Ergonomic Right Hand,instock,Felco_8_rotated_2012-160x160.jpg,$74.90,$107.00,ACCFEL8,"product_cat-new-year-specials,product_cat-felco-pruners"
42484,Felco 9  -  Pruner Left Hander,instock,Felco_9_rotated_2012-160x160.jpg,$74.90,$107.00,ACCFEL9,"product_cat-new-year-specials,product_cat-felco-pruners"
42490,Felco C7 Rotated 2012,instock,Felco_C7_rotated_2012-160x160.jpg,$63.00,$90.00,ACCFELC7,"product_cat-new-year-specials,product_cat-felco-shears-saws"
42505,Water Fertilizer Tablets 10G,instock,Water_fertiliser-160x160.jpg,$3.92,$5.60,ACCFERTBF3,"product_cat-new-year-specials,product_cat-fertilisers-soil-conditioners"
42569,Greenwell Standard  -  Heritage Green,instock,GreenWell-160x160.jpg,$11.90,$17.00,ACCGREPSRG,"product_cat-new-year-specials,product_cat-page-32-33-hard-goods,product_cat-page-42-watering,product_cat-page-49-50-hardgoods,product_cat-page-60-61-hardgoods,product_cat-page-60-61-tools-and-accessories,product_cat-plant-protection"
42600,Manutec Hydrangea Blueing Fertiliser 500G,instock,Hydrangea_Blueing_Fertiliser-160x160.jpg,$7.63,$10.90,ACCMANHBL,"product_cat-new-year-specials,product_cat-page-43-45-hard-goods,product_cat-page-49-50-hardgoods,product_cat-fertilisers-soil-conditioners"
42764,Vegiesavenethires,instock,Vegie%20Save%20Net%20hi%20res-160x160.jpg,$44.10,$63.00,ACCVEGSAV,"product_cat-new-year-specials,product_cat-page-40-produce-and-plant-protection,product_cat-page-49-50-hardgoods,product_cat-page-60-61-tools-and-accessories,product_cat-garden-pest-repellants"
43312,Dahlia Gambier Jane,instock,Dahlia_Gambier_Jane_14-160x160.jpg,$4.56,$7.60,PKDAHGJA,"product_cat-page-05-decorative-dahlia,product_cat-dahlia-decorative"
44609,Mushroom Kit White/Brown Combo,instock,Mushroom_Kit_combo_12-160x160.jpg,$18.20,$26.00,KITMUSCOM,"product_cat-new-year-specials,product_cat-page-03-05-feeling-hungry,product_cat-page-54-55-edible-garden,product_cat-other-produce-plants"
45030,Oyster Plant,instock,Oyster_Plant-160x160.jpg,$3.20,$6.40,LPOOYSPLA,"product_cat-new-year-specials,product_cat-page-32-35-flowering-shrubs,product_cat-other-shrubs-varieties"
48023,Felco 160L  -  Essentiel Secateurs  -  Standard,instock,Felco-160L-ACCFEL160l-160x160.jpg,$44.10,$63.00,ACCFEL160L,"product_cat-new-year-specials,product_cat-felco-pruners"
64257,Felco 990  -  Grease Tube,instock,felco-990-160x160.jpg,$15.54,$22.20,ACCFEL990,"product_cat-new-year-specials,product_cat-felco-spare-parts-accessories"
135261,Gazania Collection 4 Plants,instock,Gazania-Col_17-160x160.jpg,$10.80,$21.60,COLGAZCOL,"product_cat-new-year-specials,product_cat-page-32-35-flowering-shrubs,product_cat-plant-specials,product_cat-daisies"
171993,Magnolia Little Gem 16,instock,Magnolia-Little-Gem-16-160x160.jpg,$9.00,$18.00,PPLMAGLGE,"product_cat-magnolias,product_cat-new-year-specials,product_cat-page-32-35-flowering-shrubs"
189672,Felco 630  -  Curved Pull Saw,instock,felco-630-160x160.jpg,$81.20,$116.00,ACCFEL630,"product_cat-new-year-specials,product_cat-felco"
207428,Pom Pom Gerbera Collection,instock,gerbera-pom-pom-col-18-colgerppc-160x160.jpg,$29.70,$59.40,COLGERPPC,"product_cat-new-year-specials,product_cat-page-19-pom-pom-gerberas,product_cat-plant-specials,product_cat-gerberas"
254979,Aloe Bumble Bee Tm,instock,Aloe-Bumble-Bee-PLAALOBBE-160x160.jpg,$11.83,$16.90,PLAALOBBE,"product_cat-new-year-specials,product_cat-page-14-15-aloe,product_cat-aloes"
269396,Felco F39020  -   Rose Grafting & Budding  Knife Red Handle,instock,felco-39020-rose-budding-knife-accfel39020-160x160.jpg,$20.16,$28.80,ACCFEL39020,"product_cat-new-year-specials,product_cat-felco"
308847,Calibrachoa Calipetite Rose,instock,calibrachoa-calipetite-rose-lpocalcrs-160x160.jpg,$2.70,$5.40,LPOCALCRS,"product_cat-new-year-specials,product_cat-page-13-calibrachoa,product_cat-calibrachoa"
311188,Echeveria Secunda,instock,echeveria-secunda-pplechsec-160x160.jpg,$3.90,$7.90,PPLECHSEC,"product_cat-exclusively-online,product_cat-new-year-specials,product_cat-succulents"
42468,Felco 300  -  Light Weight Pruner,instock,FELCO_300-01-160x160.jpg,$25.90,$37.00,ACCFEL300,"product_cat-new-year-specials,product_cat-felco-pruners"
42520,Fruit Saver Tree Net,instock,Fruit%20Saver%20Tree%20hi%20res-160x160.jpg,$44.10,$63.00,ACCFRUSAV,"product_cat-new-year-specials,product_cat-page-07-trixzie-fruit-trees,product_cat-page-40-produce-and-plant-protection,product_cat-page-49-50-hardgoods,product_cat-page-60-61-tools-and-accessories,product_cat-garden-pest-repellants"
42570,Greenwell Standard  -  Terracotta,instock,greenwell_plant_surround_14-160x160.jpg,$11.90,$17.00,ACCGREPSRT,"product_cat-new-year-specials,product_cat-page-32-33-hard-goods,product_cat-page-42-watering,product_cat-page-49-50-hardgoods,product_cat-page-60-61-hardgoods,product_cat-page-60-61-tools-and-accessories,product_cat-plant-protection"
42725,Solo 1.25L Hand-Held Sprayer,instock,Solo_hand_held_sprayer_1.jpg,$14.00,$20.00,ACCSOL1LH,"product_cat-new-year-specials,product_cat-solo-sprayers"
42746,Propagation Seedling Tray,instock,Seedling_Tray-01-160x160.jpg,$2.80,$4.00,ACCTPSTRA,"product_cat-new-year-specials,product_cat-seed-raising-and-propagation"
44824,Escallonia Pink Pixie,instock,Escallonia_Pink_Pixie_14-160x160.jpg,$2.70,$5.40,LPOESCPPI,"product_cat-new-year-specials,product_cat-page-36-39-hedges-and-screens,product_cat-small-hedges"
45170,Woolly Bush 2015,instock,Woolly_Bush_2015-160x160.jpg,$3.20,$6.40,LPOWOOBUS,"product_cat-new-year-specials,product_cat-page-28-30-natives,product_cat-native-shrubs"
48740,Aloe Sparkler Tm,instock,Aloe-Sparkler-2017-PLAALOSPA-160x160.jpg,$11.83,$16.90,PLAALOSPA,"product_cat-new-year-specials,product_cat-aloes"
61196,Lavender Pretty Polly,instock,Lavandula-Pretty-Polly-17-LPOLAVPPO-160x160.jpg,$2.70,$5.40,LPOLAVPPO,"product_cat-exclusively-online,product_cat-new-year-specials,product_cat-page-41-lavender-autumn-2018,product_cat-lavender"
112402,Lavender Pippa White Fm 14115616Pa 15,instock,Lavender-Pippa-White-FM-14115616PA-15-160x160.jpg,$2.70,$5.40,LPOLAVPWH,"product_cat-exclusively-online,product_cat-new-year-specials,product_cat-lavender"
113719,Convolvulus White,instock,Convolvulus_White_2018-LPOCONWHI-160x160.jpg,$2.95,$5.90,LPOCONWHI,"product_cat-new-year-specials,product_cat-page-56-57-ground-covers,product_cat-other-ground-covers"
133437,Brass Finish Poly Resin Tap Top Wren,instock,brass-polyresin-wren-accbfttwr-2018-160x160.jpg,$14.00,$20.00,ACCBFTTWR,"product_cat-new-year-specials,product_cat-page-42-watering,product_cat-tap-tops"
135064,Gazania Big Kiss White Flame 15 Highsun,instock,Gazania_Big_Kiss_White_Flame_15_HIGHSUN-160x160.jpg,$2.70,$5.40,LPOGAZBKW,"product_cat-new-year-specials,product_cat-page-32-35-flowering-shrubs,product_cat-plant-specials,product_cat-daisies"
137038,Dendrobium Orchid - White Kit,instock,Dendrobium_Orchid_White-160x160.jpg,$16.80,$24.00,KITDORWHI,"product_cat-new-year-specials,product_cat-orchids"
189675,Felco 640  -  Curved Pull Saw,instock,Felco-6401-160x160.jpg,$77.70,$111.00,ACCFEL640,"product_cat-new-year-specials,product_cat-felco"
196559,Kneelo Knee Pads Navy,instock,kneepadnavy-16-160x160.jpg,,$43.00,ACCKNENAV,"product_cat-new-year-specials,product_cat-page-43-45-hard-goods,product_cat-page-60-61-hardgoods,product_cat-page-60-61-tools-and-accessories,product_cat-page-61-hardgoods,product_cat-garden-gear"
207556,Lycoris Red,instock,lycoris-red-pklycred-160x160.jpg,$3.90,$6.50,PKLYCRED,"product_cat-page-04-07-autumn-flowering-bulbs-summer-2018,product_cat-page-16-17-autumn-flowering,product_cat-lycoris"
228688,Calla Lily Hybrid Mixed Pkcalhmx,instock,calla-lily-hybrid-mixed-pkcalhmx-160x160.jpg,$18.00,$30.00,PKCALHMX,"product_cat-bulb-specials,product_cat-new-year-specials,product_cat-page-22-23-collections-calla-lilies,product_cat-page-46-calla-lilies,product_cat-calla-lilies,product_cat-online-offers"
232733,Gladioli Princess Margaret Rose16,instock,Gladioli-Princess-Margaret-Rose16-160x160.jpg,$5.04,$8.40,PKGLAPMR,"product_cat-new-year-specials,product_cat-page-26-27-gladioli,product_cat-gladioli"
247573,Plectranthus Velvet Elvis,instock,Plectranthus-Velvet-Elvis-flower-17-160x160.jpg,$2.70,$5.40,LPOPLEVEL,"product_cat-new-year-specials,product_cat-page-42-43-hydrangeas-shadelovers,product_cat-online-offers,product_cat-other-shrubs-varieties"
256987,Felco 611 - Pull Saw & Scabbard,instock,felco-610-160x160.jpg,$75.60,$108.00,ACCFEL611,"product_cat-new-year-specials,product_cat-felco-shears-saws"
260352,Manutec Slow Release Rose Planting Tablet,instock,Manutec_Rose_Planting_Tablets_ACCMANPTR-160x160.jpg,$8.40,$12.00,ACCMANPTR,"product_cat-new-year-specials,product_cat-page-28-31-protea-family,product_cat-page-32-33-hard-goods,product_cat-page-43-45-hard-goods,product_cat-page-49-50-hardgoods,product_cat-page-60-61-hardgoods,product_cat-garden-accessories"
275512,Kneelo Knee Pads Moss,instock,Kneelo-Knee-Pad-Moss-ACCKNEMOS-160x160.jpg,$30.10,$43.00,ACCKNEMOS,"product_cat-new-year-specials,product_cat-page-32-33-hard-goods,product_cat-page-43-45-hard-goods,product_cat-page-60-61-hardgoods,product_cat-page-61-hardgoods,product_cat-garden-gear"
286342,Dendrobium Orchid Kit  -  Pretty Pink,instock,Dendrobium_kit_15-160x160.jpg,$16.80,$24.00,KITDORSPI,"product_cat-new-year-specials,product_cat-page-58-59-orchids-bearded-iris,product_cat-orchids"
308950,Pom Pom Gerbera Japio,instock,gerbera-pom-pom-japio-pplgerpja-160x160.jpg,$4.95,$9.90,PPLGERPJA,"product_cat-new-year-specials,product_cat-page-19-pom-pom-gerberas,product_cat-gerberas"
309658,Nemesia Plums And Custard,instock,nemesia-plumcustard-4-lponempcu-160x160.jpg,,$4.60,LPONEMPCU,"product_cat-exclusively-online,product_cat-new-year-specials,product_cat-ground-cover-plants"
309678,Pom Pom Gerbera Red Light,instock,gerbera-pom-pom-red-light-pplgerprl-160x160.jpg,$4.95,$9.90,PPLGERPRL,"product_cat-exclusively-online,product_cat-new-year-specials,product_cat-page-19-pom-pom-gerberas,product_cat-gerberas"
42399,Bokashi Bucket  -  Black W/ 1Kg Powder,outofstock,Bokashi_One_black_bucket_11-160x160.jpg,$69.30,$99.00,ACCBOKBBU,"product_cat-accessory-specials,product_cat-new-year-specials,product_cat-page-43-45-hard-goods,product_cat-page-60-61-hardgoods,product_cat-page-60-61-tools-and-accessories,product_cat-page-61-hardgoods,product_cat-bokashi-composting-system"
42463,Felco Easy-Cut 2-Hand Shears Aluminium 60Cm,outofstock,FELCO_210A-60-ACCFEL210A-60-160x160.jpg,,$168.00,ACCFEL210A-60,product_cat-felco
42565,Greenwell Large  -  Black,outofstock,Greenwell_sizes-160x160.jpg,$19.60,$28.00,ACCGREPSLB,"product_cat-new-year-specials,product_cat-page-32-33-hard-goods,product_cat-page-42-watering,product_cat-page-49-50-hardgoods,product_cat-page-60-61-hardgoods,product_cat-page-60-61-tools-and-accessories,product_cat-plant-protection"
42856,Amorphophallus Konjac,outofstock,Amorphophallus_Konjac_courtesy_pancrat_13-160x160.jpg,,$16.90,PKAMOKON,"product_cat-page-12-16-garden-bulbs-and-plants,product_cat-page-20-21-summer-flowering,product_cat-other-summer-perennials"
44520,Daffodil Butterfly Collection,outofstock,daffodil-butterfly-collection-coldafbco-2019-160x160.jpg,$33.40,$41.80,COLDAFBCO,"product_cat-bulb-specials,product_cat-page-03-butterfly-daffodil,product_cat-page-43-butterfly-daffodil,product_cat-butterfly-daffodils,product_cat-spring-bulb-collections"
44521,Daffodil Double Collection 1,outofstock,daffodil-double-collection-1-coldafdc1-2019-160x160.jpg,$28.50,$38.10,COLDAFDC1,"product_cat-bulb-specials,product_cat-page-04-05-double-daffodils,product_cat-page-44-45-double-daffodil,product_cat-double-daffodils,product_cat-spring-bulb-collections"
44522,Daffodil Double Collection 2,outofstock,daffodil-double-collection-2-coldafdc2-2019-160x160.jpg,$27.90,$37.20,COLDAFDC2,"product_cat-bulb-specials,product_cat-page-04-05-double-daffodils,product_cat-page-44-45-double-daffodil,product_cat-double-daffodils,product_cat-spring-bulb-collections"
44576,Pig Face Collection,outofstock,Pig-Face-Collection-16-160x160.jpg,,$24.50,COLPFACOL,product_cat-pigface
44861,Grevillea Apricot Glow,outofstock,Grevillea_Apricot_Glow_15-160x160.jpg,,$5.90,LPOGREAGL,product_cat-grevillea-callistemon
45139,Teucrium Fruticans,outofstock,Teucrium-fruticans16-160x160.jpg,$2.20,$4.40,LPOTEUFRU,"product_cat-new-year-specials,product_cat-page-36-39-hedges-and-screens,product_cat-small-hedges"
45194,Aloe Copper Shower (Pbr),outofstock,Aloe_Copper_shower_14-160x160.jpg,$11.83,$16.90,PLAALOCSH,"product_cat-new-year-specials,product_cat-page-14-15-aloe,product_cat-aloes"
45303,Fairy Fishing Rod Pink,outofstock,Fairy_Fishing_Rod_Pink_14courtesy-Ruth-Hartnup-flickr-160x16.jpg,,$7.90,PLAFAIFRO,product_cat-other-summer-perennials
45642,Trillium Mixed 14,outofstock,Trillium_Mixed_14-160x160.jpg,,$15.90,PPLTRILMX,product_cat-other-ground-covers
45972,Trixzie Black Cherry Mini Fruit Tree,outofstock,Trixzie-Black-Cherry-ST-196120289_15-160x160.jpg,,$59.00,TRETRIBCH,product_cat-trees-mini-fruit
61156,Thornless Climbing Rose Smooth Velvet,outofstock,Smooth_Velvet_15-160x160.jpg,$17.80,$19.80,ROSTVEL,"product_cat-page-22-23-thornless-roses,product_cat-climbing-roses,product_cat-smooth-touch-thornless-roses"
94955,Japanese Iris Hekito 15 Oz,outofstock,Japanese_Iris_Hekito_15_OZ-160x160.jpg,,$10.80,PLAJIRHEK,product_cat-japanese-iris
133413,Brass Finish Poly Resin Tap Top Kookaburra,outofstock,brass-polyresin-kookaburra-accbfttko-2018-160x160.jpg,$14.00,$20.00,ACCBFTTKO,"product_cat-new-year-specials,product_cat-page-42-watering,product_cat-tap-tops"
133436,Brass Finish Poly Resin Tap Top Wombat,outofstock,brass-polyresin-wombat-accbfttwo-2018-160x160.jpg,$14.00,$20.00,ACCBFTTWO,"product_cat-new-year-specials,product_cat-page-42-watering,product_cat-tap-tops"
136028,Daylily Summer Collection 1,outofstock,daylily-summer-col-1-coldlisc1-2018-160x160.jpg,$37.50,$75.00,COLDLISC1,"product_cat-new-year-specials,product_cat-page-10-daylilies,product_cat-daylilies"
136029,Daylily Summer Collection 2,outofstock,daylily-summer-col-2-coldlisc2-2018-160x160.jpg,$32.50,$65.00,COLDLISC2,"product_cat-new-year-specials,product_cat-page-10-daylilies,product_cat-daylilies"
173234,Aloe Ivory Dawn Tm,outofstock,Aloe-Ivory-Dawn-16-160x160.jpg,,$16.90,PLAALOIDA,product_cat-aloes
174224,Bokashi Bucket  -  Tap Replacement,outofstock,Bokashi-One-Tap-160x160.jpg,$5.60,$8.00,ACCBOKTAP,"product_cat-new-year-specials,product_cat-bokashi-composting-system"
180874,Castlewellan Gold1,outofstock,Castlewellan_Gold1-160x160.jpg,$2.95,$5.90,LPOCONCGO,"product_cat-new-year-specials,product_cat-page-36-39-hedges-and-screens,product_cat-conifers"
188814,Osteospermum Serenity Rose Magenta,outofstock,Osteospermum-Serenity-Rose-Magenta-160x160.jpg,,$4.90,LPOOSTSRM,product_cat-ground-cover-plants
197285,Gerbera Desert Sunglow,outofstock,Gerbera-Desert-Sunglow-16-160x160.jpg,,$5.90,PKGERDSU,product_cat-gerberas
197293,Gerbera Pink Sunburst,outofstock,Gerbera-Pink-Sunburst-16-160x160.jpg,,$5.90,PLAGERPSU,product_cat-gerberas
197294,Gerbera Snow Storm,outofstock,Gerbera-Snow-Storm-PKGERSST-17-160x160.jpg,,$5.90,PKGERSST,product_cat-gerberas
197295,Gerbera Red Knight,outofstock,Gerbera-Red-Knight-PKGERRKN-17-160x160.jpg,,$5.90,PKGERRKN,product_cat-gerberas
197978,Lilium Hybrid Mixed 13,outofstock,Lilium_Hybrid_Mixed_13-160x160.jpg,,$32.00,PKLILLHM,product_cat-la-hybrid-liliums
214728,Daffodil Yellow Trumpet Pkdafytr 2019,outofstock,daffodil-yellow-trumpet-pkdafytr-2019-160x160.jpg,$29.00,$36.00,PKDAFYTR,"product_cat-bulb-specials,product_cat-page-06-daffodil-value-packs,product_cat-page-46-daffodil-value-packs,product_cat-single-daffodils"
215608,Daffodil Mixed,outofstock,daffodil-mixed-pkdafmxd-2019-160x160.jpg,$29.00,$36.00,PKDAFMXD,"product_cat-bulb-specials,product_cat-page-06-daffodil-value-packs,product_cat-page-46-daffodil-value-packs,product_cat-single-daffodils"
215642,Daffodil Dick Wilden 2016 Fm,outofstock,Daffodil-Dick-Wilden_2016_FM-160x160.jpg,$7.90,$8.40,PKDAFDWI,"product_cat-page-04-05-double-daffodils,product_cat-page-44-45-double-daffodil,product_cat-double-daffodils"
215643,Daffodil Double Fashion,outofstock,Daffodil-Double-Fashion.jpg,,$8.90,PKDAFDFA,"product_cat-page-04-05-double-daffodils,product_cat-page-44-45-double-daffodil,product_cat-double-daffodils"
215647,Daffodil Flower Drift Dn14,outofstock,Daffodil%20Flower%20Drift%20DN14-160x160.jpg,,$7.90,PKDAFFDR,"product_cat-page-04-05-double-daffodils,product_cat-page-44-45-double-daffodil,product_cat-double-daffodils"
215654,Haemanthus Red 14,outofstock,Haemanthus_Red_14-160x160.jpg,$21.00,$30.00,PKHAERED,"product_cat-new-year-specials,product_cat-page-08-haemanthus-scadoxus,product_cat-page-16-17-autumn-flowering,product_cat-haemanthus"
215674,Daffodil Tahiti 15 Fm,outofstock,Daffodil_Tahiti_15_FM-160x160.jpg,,$9.70,PKDAFTAH,"product_cat-page-04-05-double-daffodils,product_cat-page-44-45-double-daffodil,product_cat-double-daffodils"
215677,,outofstock,Daffodil_Dble_Mixed_13-160x160.jpg,,$8.90,PKDAFDMX,"product_cat-page-07-daffodil-mixes,product_cat-page-44-45-double-daffodil,product_cat-double-daffodils"
215681,Daffodil Butterfly Mixed 15,outofstock,Daffodil_Butterfly_Mixed.jpg,$7.00,$7.90,PKDAFBMX,"product_cat-page-07-daffodil-mixes,product_cat-page-43-butterfly-daffodil,product_cat-butterfly-daffodils"
215711,Daffodil Chanterelle,outofstock,Daffodil-Chanterelle-160x160.jpg,,$7.90,PKDAFCHA,"product_cat-page-03-butterfly-daffodil,product_cat-page-43-butterfly-daffodil,product_cat-butterfly-daffodils"
215713,Daffodil Replete,outofstock,Daffodil_Replete-160x160.jpg,,$9.70,PKDAFREP,"product_cat-page-04-05-double-daffodils,product_cat-page-42-pink-daffodil,product_cat-double-daffodils,product_cat-pink-daffodils"
215714,Daffodil Precocious,outofstock,daffodil-precocious-2019-pkdafpre-160x160.jpg,,$14.00,PKDAFPRE,"product_cat-page-03-butterfly-daffodil,product_cat-page-42-pink-daffodil,product_cat-butterfly-daffodils"
216470,Daffodil Delnashaugh,outofstock,Daffodil-Delnashaugh-17-160x160.jpg,,$10.80,PKDAFDEL,"product_cat-page-04-05-double-daffodils,product_cat-page-44-45-double-daffodil,product_cat-double-daffodils,product_cat-pink-daffodils"
216472,Daffodil Manly,outofstock,Daffodil-Manly17-160x160.jpg,,$9.70,PKDAFMAN,"product_cat-page-04-05-double-daffodils,product_cat-page-44-45-double-daffodil,product_cat-double-daffodils"
218297,Echeveria Black Knight,outofstock,Echeveria-Black-Knight17-160x160.jpg,$6.00,$12.00,PPLECHBKN,"product_cat-exclusively-online,product_cat-new-year-specials,product_cat-page-17-succulents,product_cat-succulents"
225322,Ge Showbag 2018,outofstock,GE-Showbag-2018-160x160.jpg,$25.00,$83.00,COLSHOBAG,product_cat-spring-bulb-collections
243094,Placeholder,outofstock,noi,,$8.40,PLABIRKKI,product_cat-bearded-iris
244172,Gerbera Chamboard,outofstock,Gerbera-Chamboard-PKGERCHA-17-160x160.jpg,,$5.90,PKGERCHA,product_cat-gerberas
244179,Gerbera Pretty N Pink,outofstock,Gerbera-Pretty-n-Pink-PKGERPNP-17-160x160.jpg,,$5.90,PKGERPNP,product_cat-gerberas
244180,Gerbera Raspberry Fizz,outofstock,Gerbera-Raspberry-Fizz-PKGERRFI-17-160x160.jpg,,$5.90,PKGERRFI,product_cat-gerberas
247524,Kniphofia Echo Rojo,outofstock,Kniphofia-Echo-Rojo-PPLKNIERO-17-160x160.jpg,,$8.40,PPLKNIERO,product_cat-kniphofia
248870,Gerbera Mango Sorbet Pkgermso 17,outofstock,Gerbera-Mango-Sorbet-PKGERMSO-17-160x160.jpg,,$5.90,PKGERMSO,product_cat-gerberas
248872,Gerbera Apricot Mist Pkgerami 17,outofstock,Gerbera-Apricot-Mist-PKGERAMI-17-160x160.jpg,,$5.90,PKGERAMI,product_cat-gerberas
254958,Hosta Krossa Regal,outofstock,Hosta-Krossa-Regal-PPLHOSKRE-160x160.jpg,$4.20,$8.40,PPLHOSKRE,"product_cat-exclusively-online,product_cat-new-year-specials,product_cat-hostas"
255755,Sunflower Chocolate Gold,outofstock,Sunflower-Chocolate-Gold-PPLSFLCHG-160x160.jpg,$3.20,$6.40,PPLSFLCHG,"product_cat-new-year-specials,product_cat-page-22-23-garden-colour,product_cat-annuals"
265169,Crazy Combo 16 Coldafcpk,outofstock,Crazy-Combo-16-COLDAFCPK-160x160.jpg,$85.00,$108.00,COLCDAFCOM,"product_cat-bulb-specials,product_cat-page-06-daffodil-value-packs,product_cat-page-46-daffodil-value-packs,product_cat-spring-bulb-collections"
265555,Daffodil Hungarian Rhapsody Pkdafhrh 2018 1,outofstock,Daffodil-Hungarian-Rhapsody-PKDAFHRH-2018-1-160x160.jpg,,$12.00,PKDAFHRH,"product_cat-page-03-butterfly-daffodil,product_cat-page-43-butterfly-daffodil,product_cat-butterfly-daffodils"
277258,Xl Lilium Oriental Pink/White Combo,outofstock,XL-Lilium_COLLILPWC-160x160.jpg,$25.00,$36.00,COLLILPWC,product_cat-liliums
302192,Leucadendron Harvest,outofstock,Leucadendron-Harvest-PPLPROHAR-160x160.jpg,,$11.70,PPLPROHAR,"product_cat-page-28-31-protea-family,product_cat-proteaceae"
308884,Echevaria Violet Queen,outofstock,echeveria-violet-queen-pplechvqu-160x160.jpg,$6.00,$12.00,PPLECHVQU,"product_cat-new-year-specials,product_cat-page-17-succulents,product_cat-succulents"
308889,Gasterhaworthia Rosava,outofstock,gasterhaworthia-cv-rosava-pplgasros-160x160.jpg,$6.00,$12.00,PPLGASROS,"product_cat-new-year-specials,product_cat-page-17-succulents,product_cat-succulents"
308983,Lavender Dwarf Munstead,outofstock,lavender-dwarf-munstead-ppllavdmu-160x160.jpg,$2.45,$4.90,PPLLAVDMU,"product_cat-new-year-specials,product_cat-page-20-21-fragrant-garden,product_cat-lavender"
312029,Calibrachoa Minifamous Double Collection,outofstock,calibrachoa-minifamous-doubles-coll-colcalmdc-160x160.jpg,$10.80,$21.60,COLCALMDC,"product_cat-exclusively-online,product_cat-new-year-specials,product_cat-page-13-calibrachoa,product_cat-calibrachoa"
317503,Daffodil Gabriel Kleiberg,outofstock,daffodil-gabriel-klieberg-pkdafgkl-160x160.jpg,,$7.90,PKDAFGKL,"product_cat-page-03-butterfly-daffodil,product_cat-butterfly-daffodils"
317507,Daffodil Congress,outofstock,daffodil-congress-pkdafcon-160x160.jpg,,$7.90,PKDAFCON,"product_cat-page-03-butterfly-daffodil,product_cat-butterfly-daffodils"
317609,Daffodil Safina,outofstock,daffodil-safina-pkdafsaf-160x160.jpg,,$10.80,PKDAFSAF,"product_cat-page-04-05-double-daffodils,product_cat-double-daffodils,product_cat-whats-new"
317622,Daffodil White Lion,outofstock,daffodil-white-lion-pkdafwli-160x160.jpg,,$9.70,PKDAFWLI,"product_cat-page-04-05-double-daffodils,product_cat-double-daffodils"
317623,Daffodil Acropolis Pkdafacr,outofstock,Daffodil_Acropolis_16-VIS-160x160.jpg,$10.80,$12.00,PKDAFACR,"product_cat-page-04-05-double-daffodils,product_cat-double-daffodils"
317633,Daffodil Tulip Blend Coldatubl,outofstock,daffodil-tulip-blend-coldatubl-160x160.jpg,$13.00,$15.30,COLDATUBL,"product_cat-bulb-specials,product_cat-page-07-daffodil-mixes,product_cat-daffodils,product_cat-tulips"
317641,Daffodil Fortune & Ice Follies Blend Coldaffib,outofstock,daffodil-fortune-ice-follies-blend-15-160x160.jpg,,$13.40,COLDAFFIB,"product_cat-page-07-daffodil-mixes,product_cat-daffodils"
50934,Garden Express Gift Voucher,instock,ge-giftvoucher-160x150.jpg,,no_price,ACCWEBGIFT,"product_cat-current-catalogue,product_cat-page-43-45-hard-goods,product_cat-page-60-61-hardgoods,product_cat-gift-ideas"
285366,Mr FothergillS Seeds,instock,MrFothergills_seeds-160x160.jpg,,no_price,,"product_cat-page-10-11-vegetable-garden,product_cat-page-49-50-hardgoods"
